0.9351,0.13,3.8,1.2148,0.12,21.72,3.41,0.12,21.72,0.29,0.53,17.01
0.9963,0.02,5.28,1.276,0.53,17.01,0.29,0.53,17.01,1.9,-0.13,15.0
1.71,0.57,32.4,2.1,-0.13,15.0,1.9,-0.13,15.0,1.49,-0.75,52.32
0.5586,0.0,6.11,0.2757,-0.44,10.57,-0.46,-0.44,10.57,-11.8,-0.24,5.98
0.31,0.2,22.03,0.275,-0.24,5.98,-11.8,-0.24,5.98,-0.46,0.11,3.27
0.22,-0.04,2.19,0.18,0.11,3.27,-0.46,0.11,3.27,-1.33,0.09,15.96
0.28,0.32,13.02,0.49,0.09,15.96,-1.33,0.09,15.96,1.39,0.1,12.31
0.62,0.05,11.16,0.66,0.1,12.31,1.39,0.1,12.31,-2.79,0.76,34.09
0.75,0.07,7.32,0.88,0.76,34.09,-2.79,0.76,34.09,-2.54,0.19,20.66
3.7463,-2.1,60.09,4.583,1.12,35.76,61.67,1.12,35.76,39.97,-1.05,52.92
4.9435,0.92,48.95,4.4122,-1.05,52.92,39.97,-1.05,52.92,34.74,-1.52,15.2
5.5748,1.54,41.91,5.3842,-1.52,15.2,34.74,-1.52,15.2,-34.94,-0.77,8.5
5.5367,0.86,33.75,5.6606,-0.77,8.5,-34.94,-0.77,8.5,-29.21,0.91,15.57
4.33,-1.32,14.29,3.87,0.91,15.57,-29.21,0.91,15.57,8.2,-0.01,6.53
3.98,-1.0,6.56,3.89,-0.01,6.53,8.2,-0.01,6.53,8.96,-0.57,3.69
1.6039,0.0,0.0,0.3537,-1.22,37.74,-0.49,-1.22,37.74,-1.03,-0.1,4.6
0.2139,-0.06,15.71,0.2468,-0.1,4.6,-1.03,-0.1,4.6,-0.58,-0.04,6.81
0.2221,0.01,5.32,0.2426,-0.04,6.81,-0.58,-0.04,6.81,-1.42,0.18,7.94
0.204,-0.01,8.08,0.255,0.18,7.94,-1.42,0.18,7.94,0.27,0.13,13.14
0.39,0.15,7.39,0.55,0.13,13.14,0.27,0.13,13.14,0.25,-0.2,1.93
0.485,-0.13,5.49,0.41,-0.2,1.93,0.25,-0.2,1.93,-0.71,-0.16,1.85
0.7679,-1.09,6.52,0.8845,-0.02,1.44,6.7,-0.02,1.44,0.3,0.05,0.81
0.7485,0.09,0.7,0.8845,0.05,0.81,0.3,0.05,0.81,-0.27,-0.08,3.33
0.8943,0.22,2.73,1.1276,-0.08,3.33,-0.27,-0.08,3.33,5.5,0.01,1.41
1.1178,0.0,3.08,1.078,0.01,1.41,5.5,0.01,1.41,12.83,0.12,1.03
0.833,-0.19,2.77,0.9016,0.12,1.03,12.83,0.12,1.03,3.2,-0.04,0.48
0.931,-0.04,2.42,0.93,-0.04,0.48,3.2,-0.04,0.48,5.04,-0.09,0.13
1.68,-0.02,0.0,1.68,0.0,0.0,-8.42,0.0,0.0,-11.76,-0.46,231.93
6.46,0.0,0.0,0.17,-0.46,231.93,-11.76,-0.46,231.93,-0.13,-0.01,1.34
0.152,-0.01,3.06,0.128,-0.01,1.34,-0.13,-0.01,1.34,0.37,-0.01,8.43
0.108,0.1,3.36,0.17,-0.01,8.43,0.37,-0.01,8.43,0.057,0.01,3.82
0.171,-0.04,2.54,0.147,0.01,3.82,0.057,0.01,3.82,0.22,-0.04,0.41
0.19,-0.26,6.13,0.17,0.05,23.21,-283.0,0.05,23.21,-13.0,0.01,31.45
0.18,0.03,16.8,0.183,0.01,31.45,-13.0,0.01,31.45,5.97,-0.03,35.43
0.207,-0.01,19.36,0.19,-0.03,35.43,5.97,-0.03,35.43,127.0,0.0,1.58
0.209,-0.01,5.95,0.176,0.0,1.58,127.0,0.0,1.58,3.78,-0.16,12.61
0.2,0.43,56.95,0.495,-0.16,12.61,3.78,-0.16,12.61,68.48,-0.04,0.94
7.3094,-1.84,18.95,8.3335,2.37,10.49,40.37,2.37,10.49,26.29,1.07,8.83
8.014,-0.64,12.86,9.4642,1.07,8.83,26.29,1.07,8.83,55.32,-0.72,8.4
10.7918,1.32,10.59,11.0091,-0.72,8.4,55.32,-0.72,8.4,32.36,-0.12,9.61
11.3346,1.46,11.15,12.5216,-0.12,9.61,32.36,-0.12,9.61,67.34,4.46,9.31
11.816,0.28,14.89,13.2931,4.46,9.31,67.34,4.46,9.31,38.5,-1.93,16.78
14.9743,-0.38,13.2,14.8737,-1.93,16.78,38.5,-1.93,16.78,84.92,-3.6,16.03
2.5835,-0.59,14.49,2.9678,0.94,12.15,53.88,0.94,12.15,35.33,0.6,14.29
3.095,0.54,16.14,4.138,0.6,14.29,35.33,0.6,14.29,82.78,-0.58,20.17
4.6595,1.31,22.54,5.0349,-0.58,20.17,82.78,-0.58,20.17,41.64,0.98,14.95
5.6262,0.44,16.75,6.0473,0.98,14.95,41.64,0.98,14.95,101.14,2.34,22.57
6.6086,0.17,18.11,7.0987,2.34,22.57,101.14,2.34,22.57,50.0,-1.87,24.11
9.3859,1.54,23.68,8.2993,-1.87,24.11,50.0,-1.87,24.11,105.7,-1.23,19.09
1.034,0.0,6.44,1.2591,0.42,8.4,22.84,0.42,8.4,7.86,-0.1,11.23
1.3276,-0.3,6.48,1.2368,-0.1,11.23,7.86,-0.1,11.23,9.09,0.2,22.55
1.0778,-0.24,10.26,1.0576,0.2,22.55,9.09,0.2,22.55,3.03,0.04,14.55
1.1128,0.0,18.96,1.0957,0.04,14.55,3.03,0.04,14.55,4.63,-0.13,4.7
1.2195,-0.11,10.89,1.0319,-0.13,4.7,4.63,-0.13,4.7,-2.58,-0.02,4.16
0.86,-0.29,13.11,0.78,-0.02,4.16,-2.58,-0.02,4.16,0.05,0.03,2.97
0.7,-0.55,7.45,0.99,0.48,16.68,-19.0,0.48,16.68,5.0,-0.32,17.78
1.17,-0.17,8.89,0.7,-0.32,17.78,5.0,-0.32,17.78,5.5,-0.28,19.86
0.62,-0.35,14.34,0.305,-0.28,19.86,5.5,-0.28,19.86,3.5,0.03,8.73
0.3,0.01,10.82,0.305,0.03,8.73,3.5,0.03,8.73,4.8,-0.17,6.04
0.295,0.08,10.94,0.265,-0.17,6.04,4.8,-0.17,6.04,1.4,0.0,2.29
0.255,0.03,4.1,0.23,0.0,2.29,1.4,0.0,2.29,-21.07,0.04,25.27
0.405,-0.9,23.7,0.81,0.1,16.79,-17.18,0.1,16.79,-0.04,0.02,1.86
0.49,-0.42,4.51,0.56,0.02,1.86,-0.04,0.02,1.86,-3.3,-0.17,1.55
0.64,0.18,2.27,0.62,-0.17,1.55,-3.3,-0.17,1.55,-3.72,0.08,3.62
0.6,0.02,2.13,0.69,0.08,3.62,-3.72,0.08,3.62,-8.11,-0.01,1.67
0.66,-0.04,1.81,0.69,-0.01,1.67,-8.11,-0.01,1.67,-5.26,0.12,7.97
0.5,-0.18,2.95,0.56,0.12,7.97,-5.26,0.12,7.97,-11.69,0.07,0.81
18.0787,2.77,47.22,20.1685,-1.39,39.37,71.2,-1.39,39.37,126.8,2.59,61.81
18.7499,-0.73,45.47,20.0821,2.59,61.81,126.8,2.59,61.81,161.1,10.26,18.59
19.4802,1.15,10.8,22.6479,10.26,18.59,161.1,10.26,18.59,241.5,0.25,9.32
0.68,0.44,158.26,0.82,3.08,271.13,-2.01,3.08,271.13,-0.83,-0.9,21.4
1.43,-1.4,127.0,2.05,-0.9,21.4,-0.83,-0.9,21.4,-4.47,0.66,90.35
1.11,-0.83,16.39,1.2,0.66,90.35,-4.47,0.66,90.35,-7.64,0.25,20.58
1.61,-0.12,13.16,1.25,0.25,20.58,-7.64,0.25,20.58,-0.041,-1.15,245.92
1.43,-0.56,31.31,0.19,-1.15,245.92,-0.041,-1.15,245.92,-0.76,-0.06,22.92
0.23,0.11,62.91,0.32,-0.06,22.92,-0.76,-0.06,22.92,-14.19,0.02,9.85
0.23,-0.29,15.51,0.405,-0.04,6.89,-0.86,-0.04,6.89,0.25,-0.18,2.58
0.25,0.03,2.77,0.295,-0.18,2.58,0.25,-0.18,2.58,-0.4,0.15,33.41
0.295,0.04,5.58,0.315,0.15,33.41,-0.4,0.15,33.41,0.18,-0.1,1.71
0.315,-0.05,0.87,0.275,-0.1,1.71,0.18,-0.1,1.71,0.1,0.03,10.37
0.27,0.07,5.19,0.335,0.03,10.37,0.1,0.03,10.37,0.02,-0.17,3.98
0.26,0.07,5.62,0.26,-0.17,3.98,0.02,-0.17,3.98,-0.43,-0.12,4.38
1.45,-0.95,6.65,1.61,0.81,12.81,12.0,0.81,12.81,6.0,0.32,5.31
1.8,-0.05,5.2,2.31,0.32,5.31,6.0,0.32,5.31,18.0,-0.48,17.01
2.65,1.37,13.15,3.3,-0.48,17.01,18.0,-0.48,17.01,10.0,-2.48,59.02
3.58,2.98,28.5,3.79,-2.48,59.02,10.0,-2.48,59.02,28.0,-0.16,42.0
3.91,1.04,54.05,4.35,-0.16,42.0,28.0,-0.16,42.0,14.0,-0.4,15.42
4.5,0.12,35.19,4.52,-0.4,15.42,14.0,-0.4,15.42,35.0,-0.45,7.32
8.0593,-4.67,1.75,8.1951,1.52,2.94,-18.0,1.52,2.94,21.0,3.44,2.84
7.4435,-1.56,2.08,8.014,3.44,2.84,21.0,3.44,2.84,997.0,-0.02,2.14
11.1936,1.34,2.58,12.7452,-0.02,2.14,997.0,-0.02,2.14,113.0,2.84,8.44
12.8745,2.66,3.63,15.3866,2.84,8.44,113.0,2.84,8.44,424.0,-0.96,2.55
16.845,-1.46,5.42,14.8133,-0.96,2.55,424.0,-0.96,2.55,173.0,-1.56,1.5
13.3142,-1.72,2.56,12.92,-1.56,1.5,173.0,-1.56,1.5,237.0,-0.48,1.36
4.7439,-2.66,14.22,4.7258,0.06,14.79,43.6,0.06,14.79,19.4,-0.63,10.04
4.0183,0.02,12.92,4.1223,-0.63,10.04,19.4,-0.63,10.04,41.1,0.38,15.22
4.2066,1.03,15.43,4.9111,0.38,15.22,41.1,0.38,15.22,16.9,1.98,14.08
5.5368,0.2,13.02,5.9824,1.98,14.08,16.9,1.98,14.08,34.7,-0.17,12.92
6.4121,-1.02,12.09,5.8137,-0.17,12.92,34.7,-0.17,12.92,26.5,3.0,26.72
6.438,-0.15,19.84,6.477,3.0,26.72,26.5,3.0,26.72,50.4,0.06,13.97
2.6805,-2.2,10.53,3.0239,1.44,12.57,21.0,1.44,12.57,28.6,0.47,5.0
3.1384,-0.85,4.74,3.3769,0.47,5.0,28.6,0.47,5.0,87.0,-0.45,6.93
3.9585,3.04,18.22,6.0536,-0.45,6.93,87.0,-0.45,6.93,63.1,3.21,9.72
6.6426,4.47,14.41,10.099,3.21,9.72,63.1,3.21,9.72,152.0,0.87,9.4
13.7203,2.32,9.27,14.9048,0.87,9.4,152.0,0.87,9.4,81.1,2.36,16.69
16.8395,3.5,12.06,19.9389,2.36,16.69,81.1,2.36,16.69,182.61,-3.54,10.13
4.257,-2.58,19.43,4.0254,-0.08,10.78,52.5,-0.08,10.78,29.73,-0.33,4.9
3.0214,-0.7,8.69,3.1156,-0.33,4.9,29.73,-0.33,4.9,48.03,0.38,8.06
3.1533,0.17,10.2,3.3814,0.38,8.06,48.03,0.38,8.06,26.49,0.41,14.83
3.7444,-0.15,9.67,3.8208,0.41,14.83,26.49,0.41,14.83,45.57,-0.29,4.55
3.8369,-0.31,5.79,3.407,-0.29,4.55,45.57,-0.29,4.55,20.64,-0.19,2.68
3.3191,-0.23,5.73,3.2128,-0.19,2.68,20.64,-0.19,2.68,43.99,0.25,1.72
6.494,-2.64,9.78,6.7237,0.16,10.75,45.0,0.16,10.75,-17.0,0.68,9.38
5.6265,0.98,11.62,7.4259,0.68,9.38,-17.0,0.68,9.38,1.0,0.09,8.7
7.9622,0.13,7.86,8.463,0.09,8.7,1.0,0.09,8.7,36.0,-0.45,8.56
7.9797,-0.43,10.5,7.9089,-0.45,8.56,36.0,-0.45,8.56,55.0,1.04,9.5
7.9369,1.6,10.92,9.3896,1.04,9.5,55.0,1.04,9.5,57.0,2.21,11.47
10.2502,0.34,10.93,10.4605,2.21,11.47,57.0,2.21,11.47,134.67,-3.4,10.44
1.0848,-0.56,10.84,1.1581,0.32,6.16,32.0,0.32,6.16,12.6,0.12,5.47
1.1413,0.13,8.02,1.4857,0.12,5.47,12.6,0.12,5.47,42.0,-0.36,8.83
1.6725,0.49,9.02,1.7708,-0.36,8.83,42.0,-0.36,8.83,32.0,0.55,12.38
1.8702,0.87,13.74,2.4575,0.55,12.38,32.0,0.55,12.38,68.0,0.31,16.2
3.242,0.87,28.86,3.7229,0.31,16.2,68.0,0.31,16.2,45.0,-1.64,15.52
4.5248,2.05,34.4,4.5991,-1.64,15.52,45.0,-1.64,15.52,79.89,0.56,17.43
0.355,-0.25,26.17,0.365,0.18,10.82,0.52,0.18,10.82,0.59,-0.04,5.89
0.44,0.01,6.79,0.495,-0.04,5.89,0.59,-0.04,5.89,1.59,0.02,6.35
0.455,0.03,6.88,0.465,0.02,6.35,1.59,0.02,6.35,2.23,-0.04,2.46
0.4,0.02,3.06,0.37,-0.04,2.46,2.23,-0.04,2.46,1.91,0.03,9.79
0.36,-0.01,2.95,0.37,0.03,9.79,1.91,0.03,9.79,-4.41,-0.07,3.1
0.345,0.01,3.3,0.27,-0.07,3.1,-4.41,-0.07,3.1,-25.49,-0.11,4.64
0.54,0.74,51.45,0.5667,-0.51,12.02,5.42,-0.51,12.02,8.95,-0.08,3.16
0.72,0.03,8.89,0.58,-0.08,3.16,8.95,-0.08,3.16,-5.75,-0.09,12.35
0.66,-0.01,9.74,0.62,-0.09,12.35,-5.75,-0.09,12.35,0.27,0.04,6.03
0.455,-0.18,6.96,0.46,0.04,6.03,0.27,0.04,6.03,-1.73,0.18,14.03
0.455,-0.03,7.72,0.48,0.18,14.03,-1.73,0.18,14.03,-5.98,-0.14,12.11
0.59,0.12,32.11,0.62,-0.14,12.11,-5.98,-0.14,12.11,-1.76,0.01,5.9
0.228,-0.08,4.45,0.1741,-0.07,3.65,-1.7,-0.07,3.65,-1.0,0.02,4.74
0.1357,-0.02,3.51,0.1405,0.02,4.74,-1.0,0.02,4.74,-0.9,0.04,3.76
0.1597,0.03,5.17,0.2194,0.04,3.76,-0.9,0.04,3.76,0.57,0.01,2.98
0.2598,0.07,4.32,0.2983,0.01,2.98,0.57,0.01,2.98,2.3,0.01,3.26
0.2886,0.06,3.66,0.3141,0.01,3.26,2.3,0.01,3.26,2.29,0.07,12.57
0.3237,0.04,8.11,0.3962,0.07,12.57,2.29,0.07,12.57,3.87,-0.15,26.59
0.62,-0.24,2.64,0.58,-0.01,4.01,-4.8,-0.01,4.01,-1.19,0.03,2.03
0.51,-0.05,1.6,0.5,0.03,2.03,-1.19,0.03,2.03,-4.54,0.02,4.16
0.54,-0.03,1.65,0.49,0.02,4.16,-4.54,0.02,4.16,-1.1,-0.04,10.97
0.56,0.32,20.28,0.78,-0.04,10.97,-1.1,-0.04,10.97,-0.66,0.59,58.78
0.81,0.05,11.64,0.89,0.59,58.78,-0.66,0.59,58.78,-2.08,-0.35,11.84
1.1,0.14,30.23,1.2,-0.35,11.84,-2.08,-0.35,11.84,1.45,-0.16,5.28
1.0124,-0.4,3.66,1.1115,0.01,2.98,0.9,0.01,2.98,2.9,0.03,0.88
1.0288,-0.07,0.63,1.1942,0.03,0.88,2.9,0.03,0.88,6.9,0.01,0.57
1.1559,-0.04,1.18,1.1174,0.01,0.57,6.9,0.01,0.57,1.2,-0.02,0.92
1.1648,0.07,1.08,1.1837,-0.02,0.92,1.2,-0.02,0.92,13.5,0.09,1.02
1.2215,-0.11,1.16,1.2406,0.09,1.02,13.5,0.09,1.02,4.1,-0.02,0.65
1.1917,-0.07,0.6,1.2699,-0.02,0.65,4.1,-0.02,0.65,15.0,-0.13,0.14
0.63,-0.5,22.36,0.83,0.31,22.14,-5.1,0.31,22.14,-11.5,-0.26,7.77
0.78,-0.34,4.71,0.495,-0.26,7.77,-11.5,-0.26,7.77,-25.3,-0.02,5.43
0.52,0.05,7.36,0.55,-0.02,5.43,-25.3,-0.02,5.43,-14.7,-0.1,3.82
0.55,-0.01,7.82,0.475,-0.1,3.82,-14.7,-0.1,3.82,-34.8,0.32,74.37
0.395,-0.02,11.52,0.45,0.32,74.37,-34.8,0.32,74.37,-7.3,0.08,15.32
0.64,-0.01,26.19,0.72,0.08,15.32,-7.3,0.08,15.32,-8.7,-0.1,3.33
0.27,-0.4,3.35,0.211,-0.05,2.93,-53.0,-0.05,2.93,-10.0,-0.07,4.49
0.215,0.06,9.04,0.238,-0.07,4.49,-10.0,-0.07,4.49,-37.0,0.03,16.45
0.25,0.04,4.14,0.285,0.03,16.45,-37.0,0.03,16.45,-5.0,-0.11,6.23
0.31,-0.07,10.98,0.22,-0.11,6.23,-5.0,-0.11,6.23,-16.0,-0.05,12.8
0.211,0.06,49.37,0.236,-0.05,12.8,-16.0,-0.05,12.8,-18.0,-0.02,3.31
0.211,-0.09,5.79,0.166,-0.02,3.31,-18.0,-0.02,3.31,-22.83,-0.07,11.83
0.68,-0.6,8.23,0.6,-0.04,4.42,-9.43,-0.04,4.42,-6.0,0.08,10.91
0.52,0.01,8.86,0.72,0.08,10.91,-6.0,0.08,10.91,-3.13,-0.08,4.77
0.7,-0.03,7.41,0.7,-0.08,4.77,-3.13,-0.08,4.77,3.97,0.02,8.92
0.71,0.02,3.6,0.67,0.02,8.92,3.97,0.02,8.92,10.13,0.15,41.42
0.74,0.51,54.54,1.15,0.15,41.42,10.13,0.15,41.42,6.14,0.05,11.88
1.06,-0.29,37.22,0.93,0.05,11.88,6.14,0.05,11.88,9.05,-0.14,1.97
12.1685,-0.08,23.65,11.3326,-1.01,23.74,25.0,-1.01,23.74,35.58,-0.55,8.87
9.5805,-1.7,4.38,8.72,-0.55,8.87,35.58,-0.55,8.87,53.64,-0.93,1.91
1.0332,0.7,15.31,1.0301,-0.75,6.24,23.8,-0.75,6.24,80.0,-0.03,9.3
0.8679,0.05,12.2,0.8532,-0.03,9.3,80.0,-0.03,9.3,7.0,0.23,5.05
1.0153,-0.1,3.12,1.0409,0.23,5.05,7.0,0.23,5.05,51.0,-0.04,3.21
1.0822,0.01,5.83,1.1989,-0.04,3.21,51.0,-0.04,3.21,10.3,0.01,2.23
1.2079,0.14,3.7,1.3251,0.01,2.23,10.3,0.01,2.23,62.4,-0.01,3.65
1.2023,-0.07,2.48,1.278,-0.01,3.65,62.4,-0.01,3.65,30.8,0.06,2.16
1.9406,0.31,153.83,1.2531,-0.99,20.82,1.15,-0.99,20.82,8.3,-0.64,15.98
1.3963,0.14,19.12,0.7876,-0.64,15.98,8.3,-0.64,15.98,-7.61,-0.46,39.62
0.734,-0.06,5.61,0.385,-0.46,39.62,-7.61,-0.46,39.62,-10.57,0.01,6.64
0.365,0.01,17.35,0.35,0.01,6.64,-10.57,0.01,6.64,-3.2,-0.04,18.24
0.36,0.0,10.37,0.335,-0.04,18.24,-3.2,-0.04,18.24,-9.14,0.03,2.46
0.33,-0.05,3.43,0.32,0.03,2.46,-9.14,0.03,2.46,3.19,0.07,6.74
0.2581,-0.12,1.01,0.2938,0.03,0.31,15.78,0.03,0.31,3.59,-0.04,0.29
0.2674,-0.02,0.13,0.2868,-0.04,0.29,3.59,-0.04,0.29,12.35,-0.01,0.17
0.2914,0.11,0.24,0.3336,-0.01,0.17,12.35,-0.01,0.17,3.52,0.06,0.27
0.3383,0.03,0.4,0.3852,0.06,0.27,3.52,0.06,0.27,15.58,0.01,0.26
0.4107,0.0,0.24,0.4155,0.01,0.26,15.58,0.01,0.26,0.06,0.01,0.08
0.4261,0.01,0.35,0.4164,0.01,0.08,0.06,0.01,0.08,17.52,-0.03,0.1
0.295,0.29,188.85,0.28,-0.2,42.31,-0.3,-0.2,42.31,-1.8,-0.17,15.5
0.385,0.04,19.38,0.236,-0.17,15.5,-1.8,-0.17,15.5,-1.2,0.01,4.2
0.224,0.0,5.35,0.232,0.01,4.2,-1.2,0.01,4.2,-1.7,0.0,3.2
0.232,0.01,2.82,0.192,0.0,3.2,-1.7,0.0,3.2,-1.0,0.07,3.43
0.105,-0.11,5.47,0.105,0.07,3.43,-1.0,0.07,3.43,-2.1,-0.01,1.39
0.096,-0.01,1.92,0.082,-0.01,1.39,-2.1,-0.01,1.39,-0.6,-0.01,2.86
0.32,0.34,22.45,0.84,0.22,13.12,-4.0,0.22,13.12,0.03,-0.15,4.97
0.96,-0.27,3.76,0.59,-0.15,4.97,0.03,-0.15,4.97,-5.0,-0.15,15.17
0.229,-0.33,11.98,0.3,-0.15,15.17,-5.0,-0.15,15.17,-1.29,0.02,9.46
0.228,-0.05,0.9,0.222,0.02,9.46,-1.29,0.02,9.46,-2.7,-0.07,9.79
0.22,-0.08,34.81,0.08,-0.07,9.79,-2.7,-0.07,9.79,-1.38,0.07,5.5
0.106,0.11,27.62,0.2,0.07,5.5,-1.38,0.07,5.5,-3.0,0.02,0.71
4.528,0.02,47.38,4.7305,0.49,42.39,2.0,0.49,42.39,10.0,0.06,40.56
4.6983,-0.59,28.54,4.7081,0.06,40.56,10.0,0.06,40.56,11.0,0.05,14.75
4.4444,0.36,17.85,4.6593,0.05,14.75,11.0,0.05,14.75,3.42,-0.17,11.17
1.2612,0.76,6.45,1.6136,-0.34,6.7,0.01,-0.34,6.7,-2.16,-0.33,1.89
1.277,-0.33,4.11,0.9603,-0.33,1.89,-2.16,-0.33,1.89,-0.44,-0.08,2.36
0.9504,-0.1,2.18,0.83,-0.08,2.36,-0.44,-0.08,2.36,7.28,0.52,3.72
27.5292,-4.98,131.73,11.7999,-30.03,47.37,-3.78,-30.03,47.37,-88.47,-3.14,62.34
7.3999,-7.41,15.15,2.52,-3.14,62.34,-88.47,-3.14,62.34,-7.24,1.42,44.28
2.98,-2.62,43.05,2.94,1.42,44.28,-7.24,1.42,44.28,-21.56,-2.38,142.65
3.62,-0.82,69.0,1.24,-2.38,142.65,-21.56,-2.38,142.65,-0.17,0.0,67.16
0.56,-0.68,205.71,0.44,0.0,67.16,-0.17,0.0,67.16,-7.8,-0.06,23.9
0.54,-0.02,48.27,0.54,-0.06,23.9,-7.8,-0.06,23.9,-32.33,-0.08,11.45
0.828,-0.82,18.37,0.636,-0.2,9.71,-32.44,-0.2,9.71,-19.84,-0.06,1.5
0.4,0.0,1.93,0.445,-0.06,1.5,-19.84,-0.06,1.5,-19.02,0.16,4.42
0.34,-0.08,1.09,0.34,0.16,4.42,-19.02,0.16,4.42,-3.91,-0.01,0.85
0.315,-0.19,1.28,0.25,-0.01,0.85,-3.91,-0.01,0.85,3.78,-0.01,2.84
0.25,-0.03,9.36,0.25,-0.01,2.84,3.78,-0.01,2.84,-8.12,0.01,4.36
0.25,0.01,1.07,0.23,0.01,4.36,-8.12,0.01,4.36,-20.17,0.04,5.72
3.1302,-0.87,4.33,3.1718,0.59,5.45,28.0,0.59,5.45,15.0,-0.53,4.16
3.2896,-0.88,3.22,2.8024,-0.53,4.16,15.0,-0.53,4.16,28.0,-0.03,3.56
2.8297,0.52,11.38,3.2355,-0.03,3.56,28.0,-0.03,3.56,14.0,-0.55,5.19
3.3275,0.73,6.73,3.6216,-0.55,5.19,14.0,-0.55,5.19,26.0,1.52,19.49
3.4707,0.78,15.23,4.36,1.52,19.49,26.0,1.52,19.49,12.0,-0.09,10.93
4.6199,-1.14,25.14,4.3407,-0.09,10.93,12.0,-0.09,10.93,25.11,0.8,9.5
0.75,1.54,34.68,0.65,-0.94,29.12,-11.32,-0.94,29.12,-26.8,0.21,8.64
1.4,0.54,30.39,1.52,0.21,8.64,-26.8,0.21,8.64,-4.62,-0.81,16.68
1.82,0.81,30.78,1.7,-0.81,16.68,-4.62,-0.81,16.68,2.48,-0.53,50.28
1.96,0.5,30.39,1.85,-0.53,50.28,2.48,-0.53,50.28,-14.19,0.41,38.35
1.65,-0.16,29.75,1.68,0.41,38.35,-14.19,0.41,38.35,-3.96,-0.12,13.24
1.85,-0.14,25.84,1.75,-0.12,13.24,-3.96,-0.12,13.24,-6.82,-1.01,49.57
0.8513,-0.49,6.93,0.9623,0.15,3.34,8.77,0.15,3.34,1.61,0.01,1.78
0.9346,-0.01,2.74,1.0641,0.01,1.78,1.61,0.01,1.78,5.93,-0.11,1.77
1.1101,0.1,2.09,1.0442,-0.11,1.77,5.93,-0.11,1.77,1.76,0.06,7.85
1.0536,-0.06,3.31,1.0724,0.06,7.85,1.76,0.06,7.85,4.31,-0.04,3.62
1.0786,0.01,10.14,1.0394,-0.04,3.62,4.31,-0.04,3.62,5.34,-0.03,2.96
0.9021,-0.09,4.66,0.9512,-0.03,2.96,5.34,-0.03,2.96,14.15,0.1,1.45
0.425,0.0,0.0,0.425,0.0,0.0,-0.45,0.0,0.0,-0.84,0.0,0.0
0.2141,-0.04,7.82,0.205,-0.04,9.17,9.0,-0.04,9.17,-1.06,0.08,12.12
0.255,0.04,2.56,0.233,0.08,12.12,-1.06,0.08,12.12,-4.0,0.01,1.82
0.25,-0.04,2.77,0.25,0.01,1.82,-4.0,0.01,1.82,3.04,0.01,1.87
0.245,0.01,11.89,0.25,0.01,1.87,3.04,0.01,1.87,3.6,0.01,3.94
0.295,0.12,4.35,0.36,0.01,3.94,3.6,0.01,3.94,-1.79,0.04,1.54
15.649,-14.4,31.7,22.1128,4.73,20.83,-2.19,4.73,20.83,-0.43,-0.13,251.53
0.9872,-25.44,320.67,1.5795,-0.13,251.53,-0.43,-0.13,251.53,-3.73,-0.32,20.35
1.0662,0.19,56.06,1.3524,-0.32,20.35,-3.73,-0.32,20.35,0.11,-0.16,22.02
0.7601,-0.54,18.94,0.7009,-0.16,22.02,0.11,-0.16,22.02,0.21,-0.28,10.69
0.6812,0.4,20.66,0.7897,-0.28,10.69,0.21,-0.28,10.69,0.07,0.01,3.93
0.7503,-0.06,5.27,0.6713,0.01,3.93,0.07,0.01,3.93,0.3,-0.2,3.15
1.6757,0.2,21.25,1.5058,-0.29,7.09,14.16,-0.29,7.09,28.94,-0.05,3.21
1.6228,0.09,4.97,1.6349,-0.05,3.21,28.94,-0.05,3.21,14.47,0.08,3.99
1.7092,-0.04,2.48,1.7587,0.08,3.99,14.47,0.08,3.99,22.12,0.6,18.65
1.8386,0.14,4.88,1.9837,0.6,18.65,22.12,0.6,18.65,14.83,0.03,4.35
2.1689,-0.41,5.84,2.1689,0.03,4.35,14.83,0.03,4.35,26.29,-0.31,4.07
2.2632,0.17,4.06,2.1299,-0.31,4.07,26.29,-0.31,4.07,11.17,-0.01,6.45
0.4833,-0.65,70.14,0.5027,-0.05,18.56,5.0,-0.05,18.56,-10.0,-0.11,29.78
0.3238,-0.19,10.57,0.232,-0.11,29.78,-10.0,-0.11,29.78,-34.0,-0.13,182.25
0.23,-0.01,25.71,0.144,-0.13,182.25,-34.0,-0.13,182.25,-30.0,-0.03,67.54
0.126,0.0,14.71,0.016,-0.03,67.54,-30.0,-0.03,67.54,-34.0,0.0,9.74
0.05,0.01,10.39,0.051,0.0,9.74,-34.0,0.0,9.74,-0.93,0.0,1.92
0.046,-0.01,4.49,0.043,0.0,1.92,-0.93,0.0,1.92,-7.0,-0.02,1.9
19.6734,5.02,55.74,23.2288,1.3,55.45,127.0,1.3,55.45,300.0,5.42,47.74
26.1302,3.9,49.29,29.5722,5.42,47.74,300.0,5.42,47.74,245.0,3.55,14.42
35.6805,5.79,14.93,40.6739,3.55,14.42,245.0,3.55,14.42,642.55,-9.25,13.13
2.3899,1.22,15.73,2.7581,-1.42,4.31,-0.02,-1.42,4.31,0.64,-0.93,20.54
1.6117,-0.88,8.13,0.7111,-0.93,20.54,0.64,-0.93,20.54,0.08,0.47,68.58
0.7344,0.5,15.83,1.4,0.47,68.58,0.08,0.47,68.58,-5.12,-0.89,28.53
1.8,1.2,63.33,2.16,-0.89,28.53,-5.12,-0.89,28.53,-0.75,-0.36,13.1
0.63,-1.53,12.37,0.29,-0.36,13.1,-0.75,-0.36,13.1,-43.71,-0.04,3.73
0.64,-0.79,42.58,0.25,-0.3,14.76,1.36,-0.3,14.76,-3.3,-0.07,5.25
0.38,0.02,4.3,0.29,-0.07,5.25,-3.3,-0.07,5.25,0.28,0.57,43.56
0.325,0.11,11.44,0.43,0.57,43.56,0.28,0.57,43.56,-1.64,-0.07,8.81
0.69,-0.18,35.75,0.61,-0.07,8.81,-1.64,-0.07,8.81,3.8,0.03,4.03
0.435,-0.19,12.29,0.445,0.03,4.03,3.8,0.03,4.03,1.72,-0.18,5.01
0.47,0.01,7.2,0.38,-0.18,5.01,1.72,-0.18,5.01,-2.74,0.1,31.85
0.5767,0.1,14.09,0.4702,-0.14,5.83,0.65,-0.14,5.83,1.45,-0.01,1.44
0.45,-0.1,1.94,0.3332,-0.01,1.44,1.45,-0.01,1.44,1.97,-0.01,10.54
0.3703,-0.08,0.78,0.3104,-0.01,10.54,1.97,-0.01,10.54,3.78,0.02,1.72
0.3104,0.03,6.26,0.3427,0.02,1.72,3.78,0.02,1.72,-0.19,-0.01,1.37
0.3523,0.01,1.91,0.333,-0.01,1.37,-0.19,-0.01,1.37,-2.53,-0.01,1.63
0.255,-0.1,3.72,0.25,-0.01,1.63,-2.53,-0.01,1.63,-1.16,-0.03,1.22
3.1414,-2.56,13.96,2.9939,0.18,10.34,43.0,0.18,10.34,41.0,0.45,11.8
2.1782,-0.74,9.08,2.6294,0.45,11.8,41.0,0.45,11.8,80.0,-0.77,21.98
3.0411,3.31,47.4,5.208,-0.77,21.98,80.0,-0.77,21.98,49.0,1.72,25.07
5.4721,4.61,33.48,9.0868,1.72,25.07,49.0,1.72,25.07,147.0,0.64,37.82
7.3145,-4.09,32.95,7.6793,0.64,37.82,147.0,0.64,37.82,59.0,-0.31,13.39
7.8664,-0.25,9.93,7.2958,-0.31,13.39,59.0,-0.31,13.39,115.27,-1.32,3.8
1.4,0.4,18.74,0.8,-0.51,3.49,0.03,-0.51,3.49,0.14,-0.31,1.6
1.29,0.3,3.46,1.0,-0.31,1.6,0.14,-0.31,1.6,0.17,-0.28,0.69
1.07,-0.01,1.16,0.95,-0.28,0.69,0.17,-0.28,0.69,0.09,-0.16,2.47
0.9,-0.06,2.51,0.79,-0.16,2.47,0.09,-0.16,2.47,0.08,0.59,16.59
0.55,-0.26,2.75,0.51,0.59,16.59,0.08,0.59,16.59,0.24,-0.27,5.84
0.85,-0.1,20.11,0.58,-0.27,5.84,0.24,-0.27,5.84,1.24,-0.15,8.99
0.29,0.01,35.71,0.152,-0.14,3.87,-1.1,-0.14,3.87,-2.2,0.01,6.8
0.14,-0.01,1.51,0.152,0.01,6.8,-2.2,0.01,6.8,-0.6,0.01,1.58
0.124,-0.03,0.81,0.117,0.01,1.58,-0.6,0.01,1.58,-1.7,0.03,1.65
0.129,0.01,9.2,0.129,0.03,1.65,-1.7,0.03,1.65,-0.6,0.01,1.43
0.115,0.04,2.73,0.126,0.01,1.43,-0.6,0.01,1.43,-1.7,-0.01,1.05
0.131,0.04,1.96,0.117,-0.01,1.05,-1.7,-0.01,1.05,-0.6,0.01,1.61
0.385,-0.25,4.6,0.45,0.18,3.72,3.82,0.18,3.72,-1.82,-0.05,0.96
0.43,-0.07,0.99,0.48,-0.05,0.96,-1.82,-0.05,0.96,1.71,-0.01,0.76
0.355,-0.07,2.1,0.355,-0.01,0.76,1.71,-0.01,0.76,-1.69,-0.02,17.43
0.355,-0.01,0.85,0.36,-0.02,17.43,-1.69,-0.02,17.43,4.41,0.0,2.21
0.315,-0.01,2.47,0.295,0.0,2.21,4.41,0.0,2.21,-2.31,0.15,4.74
0.26,-0.02,2.68,0.265,0.15,4.74,-2.31,0.15,4.74,-0.34,-0.02,0.76
0.5676,-0.19,11.43,0.7346,-0.04,7.47,6.02,-0.04,7.47,0.24,-0.14,6.94
0.6461,-0.06,8.09,0.61,-0.14,6.94,0.24,-0.14,6.94,-4.56,-0.09,6.68
0.56,-0.05,3.54,0.48,-0.09,6.68,-4.56,-0.09,6.68,1.91,0.01,5.82
0.465,0.07,16.94,0.55,0.01,5.82,1.91,0.01,5.82,0.27,-0.02,5.4
0.56,0.0,4.3,0.5,-0.02,5.4,0.27,-0.02,5.4,-1.64,-0.01,5.54
0.385,-0.22,15.98,0.38,-0.01,5.54,-1.64,-0.01,5.54,-6.82,0.15,5.06
1.0624,0.12,3.68,0.7713,-0.32,1.15,-2.72,-0.32,1.15,2.7,0.09,1.9
0.7552,-0.08,4.24,0.7471,0.09,1.9,2.7,0.09,1.9,-2.82,0.3,2.43
0.812,0.0,1.16,0.8932,0.3,2.43,-2.82,0.3,2.43,0.7,-0.08,3.15
0.9465,-0.22,0.89,0.8527,-0.08,3.15,0.7,-0.08,3.15,5.89,0.0,2.47
0.8271,0.19,1.73,0.9846,0.0,2.47,5.89,0.0,2.47,7.3,-0.18,2.31
1.0297,0.18,5.21,1.0972,-0.18,2.31,7.3,-0.18,2.31,8.84,0.0,1.23
0.7776,1.19,23.89,0.8759,-0.51,19.2,-0.98,-0.51,19.2,-1.6,-1.48,148.64
1.2959,0.27,38.33,0.1698,-1.48,148.64,-1.6,-1.48,148.64,-0.65,-0.04,20.25
0.2056,0.03,66.9,0.1814,-0.04,20.25,-0.65,-0.04,20.25,-1.3,0.07,39.93
0.1341,-0.05,14.39,0.1305,0.07,39.93,-1.3,0.07,39.93,-0.89,-0.01,6.23
0.169,0.04,23.59,0.185,-0.01,6.23,-0.89,-0.01,6.23,-1.87,-0.02,6.0
0.161,0.08,19.54,0.18,-0.02,6.0,-1.87,-0.02,6.0,-1.23,-0.06,6.3
0.6461,-0.11,18.32,0.9631,0.34,20.51,9.26,0.34,20.51,5.1,0.2,2.43
1.2903,0.09,61.1,1.3277,0.2,2.43,5.1,0.2,2.43,10.66,0.34,1.51
1.5422,-0.04,0.94,1.5703,0.34,1.51,10.66,0.34,1.51,6.5,-0.27,1.42
1.8767,0.23,1.53,1.8575,-0.27,1.42,6.5,-0.27,1.42,10.91,-0.06,1.7
1.7351,0.07,0.85,1.588,-0.06,1.7,10.91,-0.06,1.7,4.3,-0.37,0.92
1.3135,-0.29,0.89,1.3186,-0.37,0.92,4.3,-0.37,0.92,8.11,0.05,0.13
2.4486,-0.31,14.84,2.6078,0.37,69.04,0.01,0.37,69.04,0.71,-0.1,6.56
1.6141,0.01,26.35,2.8396,-0.1,6.56,0.71,-0.1,6.56,0.03,-0.34,4.05
1.4148,-0.25,7.09,2.43,-0.34,4.05,0.03,-0.34,4.05,0.16,-0.36,6.01
2.12,-0.33,5.32,1.77,-0.36,6.01,0.16,-0.36,6.01,-1.267,-0.29,4.32
1.53,-0.07,5.8,1.44,-0.29,4.32,-1.267,-0.29,4.32,-2.195,0.08,5.85
1.15,-0.13,7.16,1.17,0.08,5.85,-2.195,0.08,5.85,-0.644,-0.07,6.56
1.25,-0.16,0.83,1.26,0.84,3.34,6.22,0.84,3.34,6.8,0.09,2.1
1.9743,0.38,2.95,1.7262,0.09,2.1,6.8,0.09,2.1,6.41,-0.47,3.15
2.2917,-0.08,5.04,1.885,-0.47,3.15,6.41,-0.47,3.15,15.6,1.36,24.16
1.7064,0.66,4.28,2.133,1.36,24.16,15.6,1.36,24.16,-5.17,-0.12,3.09
1.9048,-1.29,7.55,2.16,-0.12,3.09,-5.17,-0.12,3.09,8.3,-0.06,1.95
1.85,-0.28,5.78,2.21,-0.06,1.95,8.3,-0.06,1.95,4.07,-0.13,3.36
3.1359,-1.94,11.66,3.4525,0.59,4.93,41.3,0.59,4.93,20.63,0.27,6.27
3.2285,-0.83,6.89,3.2099,0.27,6.27,20.63,0.27,6.27,40.43,-0.1,9.03
3.3831,-0.29,5.47,3.2031,-0.1,9.03,40.43,-0.1,9.03,28.32,0.1,9.61
3.2599,0.62,20.7,3.6579,0.1,9.61,28.32,0.1,9.61,48.59,-0.24,9.22
3.9277,0.97,11.64,4.2763,-0.24,9.22,48.59,-0.24,9.22,30.4,-0.16,12.3
3.5716,-1.15,10.19,3.34,-0.16,12.3,30.4,-0.16,12.3,50.76,-0.02,5.55
0.782,-0.17,2.77,0.9352,0.25,11.15,6.95,0.25,11.15,3.61,0.17,10.64
1.0169,-0.12,1.57,1.0805,0.17,10.64,3.61,0.17,10.64,6.26,0.04,5.09
1.0992,0.07,6.26,1.3114,0.04,5.09,6.26,0.04,5.09,2.08,-0.04,1.08
1.3395,0.0,1.33,1.3034,-0.04,1.08,2.08,-0.04,1.08,4.12,-0.14,9.61
1.1988,-0.04,1.35,0.9235,-0.14,9.61,4.12,-0.14,9.61,3.42,-0.07,0.15
0.9428,-0.06,0.24,0.8502,-0.07,0.15,3.42,-0.07,0.15,5.48,-0.11,0.26
1.35,-1.63,10.25,1.41,-0.32,1.12,-5.3,-0.32,1.12,-3.2,0.34,1.41
0.85,-0.39,1.65,1.06,0.34,1.41,-3.2,0.34,1.41,-8.3,-0.07,0.91
1.36,0.05,0.9,1.09,-0.07,0.91,-8.3,-0.07,0.91,-1.1,0.07,1.37
0.73,-0.36,1.99,0.7,0.07,1.37,-1.1,0.07,1.37,-4.89,0.02,1.81
0.8,0.27,1.1,0.77,0.02,1.81,-4.89,0.02,1.81,-0.26,0.03,1.21
0.83,-0.12,1.78,0.81,0.03,1.21,-0.26,0.03,1.21,-4.03,-0.08,2.0
0.66,1.07,23.74,0.6,-0.67,29.82,1.3,-0.67,29.82,3.33,-0.17,8.31
0.9,-0.15,2.59,0.65,-0.17,8.31,3.33,-0.17,8.31,-1.9,0.07,6.8
0.65,-0.15,7.77,0.52,0.07,6.8,-1.9,0.07,6.8,-7.0,-0.01,2.57
0.51,-0.18,3.92,0.51,-0.01,2.57,-7.0,-0.01,2.57,-4.3,0.0,0.26
0.43,-0.03,0.93,0.425,0.0,0.26,-4.3,0.0,0.26,-4.86,-0.02,2.1
0.365,0.0,1.41,0.42,-0.02,2.1,-4.86,-0.02,2.1,-3.87,0.13,2.57
1.8111,0.47,0.0,2.3186,0.47,0.0,10.8,0.47,0.0,6.59,1.16,12.23
2.9356,1.13,0.0,4.1795,1.16,12.23,6.59,1.16,12.23,-92.37,-0.61,19.04
4.95,0.62,11.85,5.0,-0.61,19.04,-92.37,-0.61,19.04,0.04,0.0,0.0
4.3,-0.2,17.21,5.2,0.0,0.0,0.04,0.0,0.0,-4.22,0.0,0.0
72.227,-6.27,5.4,75.2227,-3.77,4.66,530.0,-3.77,4.66,296.0,2.95,4.48
68.2664,-0.95,4.39,71.7662,2.95,4.48,296.0,2.95,4.48,531.0,-10.36,4.47
75.443,5.87,4.31,71.4303,-10.36,4.47,531.0,-10.36,4.47,306.0,-0.88,3.87
72.3643,2.52,4.48,73.2539,-0.88,3.87,306.0,-0.88,3.87,558.0,0.09,4.14
72.1955,0.79,5.38,72.3551,0.09,4.14,558.0,0.09,4.14,321.0,-0.67,4.76
66.4846,-6.97,5.89,66.442,-0.67,4.76,321.0,-0.67,4.76,656.24,-1.8,5.22
0.0004,0.0,81.29,0.0003,0.0,42.33,-22.54,0.0,42.33,-1.94,-0.02,33.71
0.0001,0.0,311.38,0.0001,-0.02,33.71,-1.94,-0.02,33.71,-3.11,0.04,35.34
0.0829,0.0,26.63,0.0829,0.04,35.34,-3.11,0.04,35.34,-0.54,-0.02,13.78
0.0811,0.0,10.32,0.0599,-0.02,13.78,-0.54,-0.02,13.78,-2.51,0.04,46.82
0.0461,0.0,40.04,0.0525,0.04,46.82,-2.51,0.04,46.82,1.13,0.01,5.41
0.1,0.18,36.45,0.175,0.01,5.41,1.13,0.01,5.41,0.65,-0.07,0.64
0.9848,-0.58,13.04,0.8773,-0.13,4.13,10.98,-0.13,4.13,7.11,-0.1,3.78
0.8952,-0.02,8.54,0.81,-0.1,3.78,7.11,-0.1,3.78,8.04,-0.06,3.68
0.7448,0.36,8.03,1.0893,-0.06,3.68,8.04,-0.06,3.68,1.02,-0.1,3.41
1.0707,0.14,5.94,0.9962,-0.1,3.41,1.02,-0.1,3.41,-5.92,0.02,21.48
1.0321,0.22,16.08,1.3312,0.02,21.48,-5.92,0.02,21.48,0.9,-0.28,15.31
0.9839,-0.46,9.86,0.7042,-0.28,15.31,0.9,-0.28,15.31,2.32,0.23,7.5
4.2,0.0,0.0,4.2,0.0,0.0,-0.08,0.0,0.0,-147.0,0.19,6.14
1.72,-1.33,5.57,1.76,0.19,6.14,-147.0,0.19,6.14,4.6,-0.43,1.67
6.0327,1.19,2.3,6.3528,-0.91,14.62,21.19,-0.91,14.62,39.38,0.67,4.71
5.9103,-0.31,1.8,5.9921,0.67,4.71,39.38,0.67,4.71,21.26,0.13,17.14
6.8029,3.3,27.64,9.3339,0.13,17.14,21.26,0.13,17.14,70.67,-1.19,9.26
3.1244,-1.01,11.41,3.7757,1.45,11.74,33.0,1.45,11.74,30.0,0.06,5.87
3.6813,-0.64,5.82,4.276,0.06,5.87,30.0,0.06,5.87,48.0,0.21,15.32
4.4212,1.55,21.75,5.8209,0.21,15.32,48.0,0.21,15.32,25.0,-0.51,24.6
5.0004,-1.4,12.89,3.8999,-0.51,24.6,25.0,-0.51,24.6,41.0,0.24,28.29
3.7792,-0.1,30.06,3.4258,0.24,28.29,41.0,0.24,28.29,9.0,-0.24,20.08
3.8283,-0.55,33.9,3.8872,-0.24,20.08,9.0,-0.24,20.08,42.23,-0.41,2.92
1.2064,-0.06,17.48,0.7394,-0.3,51.4,1.671,-0.3,51.4,-0.068,0.24,34.61
0.4718,-0.3,42.92,0.6032,0.24,34.61,-0.068,0.24,34.61,-3.839,-0.15,22.2
0.8821,0.4,47.39,1.0879,-0.15,22.2,-3.839,-0.15,22.2,0.726,-0.06,12.74
0.9997,-0.02,5.4,0.99,-0.06,12.74,0.726,-0.06,12.74,0.5,-0.29,0.85
0.97,0.1,1.61,0.75,-0.29,0.85,0.5,-0.29,0.85,1.61,-0.08,0.81
0.82,-0.23,5.83,0.68,0.03,37.98,-8.9,0.03,37.98,-1.6,-0.03,27.49
0.66,0.25,48.51,1.0,-0.03,27.49,-1.6,-0.03,27.49,-2.322,-0.14,16.64
0.88,-0.21,23.41,0.75,-0.14,16.64,-2.322,-0.14,16.64,0.14,-0.16,6.43
0.74,-0.02,7.28,0.59,-0.16,6.43,0.14,-0.16,6.43,-0.509,-0.1,3.98
0.56,0.03,4.91,0.44,-0.1,3.98,-0.509,-0.1,3.98,0.35,-0.07,3.97
0.49,0.07,5.57,0.42,-0.07,3.97,0.35,-0.07,3.97,1.02,-0.13,3.49
0.8259,-0.27,9.95,0.8924,-0.01,6.12,8.5,-0.01,6.12,3.9,0.09,23.76
0.8069,-0.04,2.84,0.8544,0.09,23.76,3.9,0.09,23.76,6.3,-0.08,7.91
0.948,0.11,19.48,1.0458,-0.08,7.91,6.3,-0.08,7.91,0.1,-0.07,7.72
0.9871,-0.05,8.87,0.91,-0.07,7.72,0.1,-0.07,7.72,0.6,0.02,6.24
0.8,-0.12,7.84,0.81,0.02,6.24,0.6,0.02,6.24,2.7,-0.08,1.12
0.76,-0.09,3.96,0.75,-0.08,1.12,2.7,-0.08,1.12,10.84,0.09,2.78
1.0125,-0.29,21.54,0.9503,-0.11,15.33,4.53,-0.11,15.33,9.51,-0.05,29.52
0.6839,-0.32,15.89,0.6991,-0.05,29.52,9.51,-0.05,29.52,14.58,-0.07,8.97
0.7263,0.27,28.18,0.8898,-0.07,8.97,14.58,-0.07,8.97,16.19,-0.03,30.15
0.8989,0.46,25.71,1.2965,-0.03,30.15,16.19,-0.03,30.15,25.29,0.13,42.79
1.3155,0.51,34.95,1.6492,0.13,42.79,25.29,0.13,42.79,21.84,0.06,25.63
1.6015,0.04,18.22,2.0495,0.06,25.63,21.84,0.06,25.63,38.08,-0.16,8.43
2.2112,-0.25,32.78,1.8316,-0.5,43.1,19.12,-0.5,43.1,18.57,0.21,37.47
1.3191,0.04,46.27,2.0593,0.21,37.47,18.57,0.21,37.47,27.33,-0.18,25.97
2.3294,0.12,51.36,2.2524,-0.18,25.97,27.33,-0.18,25.97,20.46,-0.22,40.67
2.3005,0.16,42.12,2.2235,-0.22,40.67,20.46,-0.22,40.67,29.38,0.07,31.23
2.2673,0.17,35.09,2.2476,0.07,31.23,29.38,0.07,31.23,22.23,-0.26,20.25
2.4047,0.28,18.06,2.55,-0.26,20.25,22.23,-0.26,20.25,33.34,-0.23,10.29
0.6444,0.34,117.39,0.588,-0.15,41.01,-5.66,-0.15,41.01,-15.95,-0.18,15.69
0.5478,-0.24,37.16,0.3947,-0.18,15.69,-15.95,-0.18,15.69,-3.18,0.24,26.34
0.3262,-0.01,22.47,0.39,0.24,26.34,-3.18,0.24,26.34,-195.78,-0.11,18.91
0.56,-0.04,23.57,0.47,-0.11,18.91,-195.78,-0.11,18.91,-2.25,-0.08,45.39
0.4,-0.1,9.88,0.31,-0.08,45.39,-2.25,-0.08,45.39,-7.48,0.06,60.68
0.239,-0.16,28.64,0.24,0.06,60.68,-7.48,0.06,60.68,-2.65,0.02,126.53
7.3318,-2.29,3.52,8.3729,1.57,3.62,154.0,1.57,3.62,63.9,-0.5,3.8
7.8567,-0.43,4.04,8.4079,-0.5,3.8,63.9,-0.5,3.8,157.0,-1.89,5.57
8.8176,1.69,10.71,8.6715,-1.89,5.57,157.0,-1.89,5.57,76.0,4.16,6.22
9.0001,2.69,7.2,11.5377,4.16,6.22,76.0,4.16,6.22,217.0,0.19,5.37
15.8726,2.76,7.32,16.5791,0.19,5.37,217.0,0.19,5.37,92.9,-2.15,4.77
18.9147,4.22,7.18,19.1225,-2.15,4.77,92.9,-2.15,4.77,317.28,3.16,6.24
3.68,0.62,0.0,4.25,0.14,0.0,32.82,0.14,0.0,17.5,-0.41,11.99
4.39,3.17,0.0,5.66,-0.41,11.99,17.5,-0.41,11.99,35.19,1.23,16.35
7.23,0.48,14.86,7.08,1.23,16.35,35.19,1.23,16.35,21.08,0.0,0.0
5.1,-1.98,33.06,7.0,0.0,0.0,21.08,0.0,0.0,30.24,0.0,0.0
7.0,0.0,0.0,7.0,0.0,0.0,30.24,0.0,0.0,25.58,-0.54,1.65
1.8265,-0.46,27.67,2.2651,0.47,24.28,18.53,0.47,24.28,16.53,0.3,17.56
1.79,-0.34,22.76,2.316,0.3,17.56,16.53,0.3,17.56,29.42,-0.33,17.26
2.5407,-0.07,21.55,2.0829,-0.33,17.26,29.42,-0.33,17.26,18.25,-0.17,12.5
2.18,-0.03,12.94,1.979,-0.17,12.5,18.25,-0.17,12.5,32.61,0.22,12.36
1.9334,0.6,18.06,2.4339,0.22,12.36,32.61,0.22,12.36,16.35,-0.68,28.09
2.838,0.14,20.4,2.2979,-0.68,28.09,16.35,-0.68,28.09,24.87,0.35,11.56
0.27,-0.05,13.37,0.33,-0.15,3.54,-26.12,-0.15,3.54,-4.42,0.01,3.13
0.23,0.05,3.71,0.265,0.01,3.13,-4.42,0.01,3.13,-24.89,-0.01,1.31
0.26,-0.03,1.17,0.238,-0.01,1.31,-24.89,-0.01,1.31,-1.16,-0.06,8.46
0.225,-0.01,4.44,0.165,-0.06,8.46,-1.16,-0.06,8.46,-4.2,0.0,2.99
0.12,-0.04,6.47,0.125,0.0,2.99,-4.2,0.0,2.99,-2.5,-0.02,0.43
0.12,0.01,1.37,0.111,-0.02,0.43,-2.5,-0.02,0.43,-3.24,-0.02,3.72
0.325,0.14,14.04,0.315,-0.14,2.25,-0.78,-0.14,2.25,-1.1,-0.07,5.77
0.33,0.32,17.92,0.42,-0.07,5.77,-1.1,-0.07,5.77,1.15,0.18,8.93
0.42,-0.11,1.76,0.425,0.18,8.93,1.15,0.18,8.93,2.6,0.11,3.16
0.48,-0.17,5.31,0.47,0.11,3.16,2.6,0.11,3.16,0.1,0.04,7.35
0.495,-0.01,5.57,0.49,0.04,7.35,0.1,0.04,7.35,14.9,-0.49,46.67
0.63,0.3,59.01,0.465,-0.49,46.67,14.9,-0.49,46.67,0.2,-0.01,20.73
19.1959,-0.01,3.19,14.3464,-5.48,5.03,1.3,-5.48,5.03,7.5,-1.1,5.64
13.9404,-1.14,5.78,11.6644,-1.1,5.64,7.5,-1.1,5.64,1.8,-0.33,3.93
12.0438,1.89,5.22,14.0732,-0.33,3.93,1.8,-0.33,3.93,9.0,1.07,2.5
13.5747,-0.52,4.88,13.6132,1.07,2.5,9.0,1.07,2.5,0.8,-0.62,2.18
14.4231,2.03,2.84,15.9078,-0.62,2.18,0.8,-0.62,2.18,6.6,-0.1,3.48
13.4771,-2.6,4.03,13.6929,-0.1,3.48,6.6,-0.1,3.48,0.5,1.28,3.76
0.181,-0.18,3.74,0.163,-0.02,3.04,-2.03,-0.02,3.04,-0.67,0.03,45.11
0.026,-0.12,41.13,0.042,0.03,45.11,-0.67,0.03,45.11,-1.67,0.11,30.38
0.033,0.24,40.92,0.185,0.11,30.38,-1.67,0.11,30.38,3.25,-0.06,12.68
0.22,-0.24,10.71,0.146,-0.06,12.68,3.25,-0.06,12.68,3.13,-0.01,3.72
0.163,0.08,12.45,0.183,-0.01,3.72,3.13,-0.01,3.72,0.29,-0.05,4.25
0.166,-0.03,6.75,0.128,-0.05,4.25,0.29,-0.05,4.25,6.27,0.03,4.42
4.63,-4.79,7.92,4.85,-0.04,6.88,-82.0,-0.04,6.88,-10.6,0.89,8.74
3.35,-0.53,6.75,4.1,0.89,8.74,-10.6,0.89,8.74,-27.0,-0.25,6.38
5.0,0.04,7.49,5.01,-0.25,6.38,-27.0,-0.25,6.38,12.2,-1.06,6.32
4.44,-0.66,1.51,3.16,-1.06,6.32,12.2,-1.06,6.32,26.0,-0.21,13.36
3.2,0.64,19.55,3.2,-0.21,13.36,26.0,-0.21,13.36,21.0,-1.19,3.84
3.51,0.32,10.68,2.88,-1.19,3.84,21.0,-1.19,3.84,25.0,-1.06,3.88
0.8233,-0.59,12.67,1.158,0.25,5.55,3.78,0.25,5.55,1.03,-0.02,2.32
0.9138,-0.42,3.7,0.9541,-0.02,2.32,1.03,-0.02,2.32,16.54,-0.07,1.67
0.9723,0.08,3.51,0.9814,-0.07,1.67,16.54,-0.07,1.67,5.87,0.3,10.01
0.9723,0.14,7.49,1.1268,0.3,10.01,5.87,0.3,10.01,33.4,-0.12,5.22
1.3704,-0.06,14.33,1.2578,-0.12,5.22,33.4,-0.12,5.22,8.71,-0.2,5.03
1.2296,0.22,8.29,1.32,-0.2,5.03,8.71,-0.2,5.03,28.29,-0.06,2.28
0.246,0.08,10.51,0.27,-0.09,3.76,-1.33,-0.09,3.76,-5.47,0.23,32.45
0.235,-0.01,6.49,0.265,0.23,32.45,-5.47,0.23,32.45,-0.13,0.01,90.94
0.4,0.0,86.31,0.445,0.01,90.94,-0.13,0.01,90.94,-0.34,-0.07,32.57
0.36,0.08,91.84,0.39,-0.07,32.57,-0.34,-0.07,32.57,-0.26,-0.08,5.53
0.395,-0.07,24.55,0.355,-0.08,5.53,-0.26,-0.08,5.53,-0.95,-0.04,1.12
0.265,-0.11,2.86,0.22,-0.04,1.12,-0.95,-0.04,1.12,-3.11,-0.04,1.12
3.0,-1.73,30.31,2.82,-0.2,38.09,-44.0,-0.2,38.09,0.3,0.35,14.29
2.03,-0.72,18.91,2.41,0.35,14.29,0.3,0.35,14.29,-40.0,0.07,16.09
2.8,-0.03,21.26,2.85,0.07,16.09,-40.0,0.07,16.09,-0.4,-0.08,40.98
2.6,0.75,30.18,2.75,-0.08,40.98,-0.4,-0.08,40.98,-25.0,-0.36,9.92
2.91,-0.52,15.39,2.8,-0.36,9.92,-25.0,-0.36,9.92,3.5,0.03,7.14
2.33,-0.53,4.81,1.9,0.03,7.14,3.5,0.03,7.14,-22.83,-0.67,3.5
6.1,2.5,35.52,8.6,3.26,48.55,9.0,3.26,48.55,2.0,-0.57,32.03
9.55,-2.56,33.63,7.69,-0.57,32.03,2.0,-0.57,32.03,4.0,4.7,117.42
6.91,-0.23,43.12,8.7,4.7,117.42,4.0,4.7,117.42,2.0,-0.06,56.49
8.73,-3.26,52.6,9.42,-0.06,56.49,2.0,-0.06,56.49,23.5,-1.59,34.14
0.19,-0.22,7.16,0.237,-0.04,2.99,0.14,-0.04,2.99,0.09,-0.02,2.99
0.18,-0.05,4.5,0.165,-0.02,2.99,0.09,-0.02,2.99,0.04,0.0,4.34
0.145,0.05,5.86,0.181,0.0,4.34,0.04,0.0,4.34,0.001,0.02,4.55
0.195,-0.01,2.91,0.195,0.02,4.55,0.001,0.02,4.55,0.004,-0.02,2.07
0.17,-0.01,2.36,0.17,-0.02,2.07,0.004,-0.02,2.07,-0.295,-0.01,1.0
0.157,0.0,0.96,0.121,-0.01,1.0,-0.295,-0.01,1.0,0.0,0.01,0.79
3.69,-1.55,10.08,4.35,-0.24,2.98,-233.0,-0.24,2.98,-147.0,-0.39,1.74
3.91,-0.56,2.96,3.48,-0.39,1.74,-147.0,-0.39,1.74,-286.0,-0.3,4.69
2.91,-0.7,4.57,2.58,-0.3,4.69,-286.0,-0.3,4.69,-41.0,-0.23,6.85
2.25,-0.33,5.95,1.83,-0.23,6.85,-41.0,-0.23,6.85,-127.0,-0.06,6.8
1.91,-0.11,13.54,1.69,-0.06,6.8,-127.0,-0.06,6.8,-16.0,0.44,17.88
1.6,-0.21,11.22,1.58,0.44,17.88,-16.0,0.44,17.88,-31.0,-0.24,2.0
5.9432,-1.62,1.16,5.6792,0.05,1.57,35.83,0.05,1.57,-31.89,-0.9,0.76
5.6872,-0.3,2.26,4.741,-0.9,0.76,-31.89,-0.9,0.76,-8.93,-0.11,0.64
4.8785,1.21,1.85,5.8806,-0.11,0.64,-8.93,-0.11,0.64,-27.69,-0.08,12.12
5.7184,0.29,1.78,5.8465,-0.08,12.12,-27.69,-0.08,12.12,-21.06,-0.78,1.5
5.0584,-0.85,2.3,4.3592,-0.78,1.5,-21.06,-0.78,1.5,-19.42,-0.1,1.42
3.6327,-0.34,1.18,4.1685,-0.1,1.42,-19.42,-0.1,1.42,-18.93,0.09,1.2
0.047,0.05,59.68,0.05,-0.02,20.91,0.06,-0.02,20.91,-0.2,0.02,4.65
0.077,0.01,10.36,0.07,0.02,4.65,-0.2,0.02,4.65,-0.21,0.01,2.99
0.079,-0.02,19.88,0.076,0.01,2.99,-0.21,0.01,2.99,-0.79,0.0,3.04
0.056,0.0,3.75,0.049,0.0,3.04,-0.79,0.0,3.04,0.13,0.01,2.61
0.032,0.0,3.95,0.029,0.01,2.61,0.13,0.01,2.61,-0.03,0.01,5.18
0.037,0.01,8.12,0.033,0.01,5.18,-0.03,0.01,5.18,-0.1,0.0,2.67
1.2462,1.0,435.71,0.997,-0.48,63.82,-3.0,-0.48,63.82,-3.0,0.46,41.93
1.2961,-0.41,132.19,0.8175,0.46,41.93,-3.0,0.46,41.93,5.0,-0.45,24.81
0.997,-0.82,44.98,0.6082,-0.45,24.81,5.0,-0.45,24.81,7.0,-0.01,14.45
0.475,-0.07,26.59,0.425,-0.01,14.45,7.0,-0.01,14.45,-84.0,0.08,67.09
0.23,-0.17,40.67,0.238,0.08,67.09,-84.0,0.08,67.09,-75.0,-0.08,6.24
0.345,0.0,28.22,0.28,-0.08,6.24,-75.0,-0.08,6.24,-4.0,0.2,11.34
0.1798,-0.07,1.81,0.1891,-0.01,0.38,1.72,-0.01,0.38,1.88,-0.02,0.93
0.1526,0.0,2.97,0.1851,-0.02,0.93,1.88,-0.02,0.93,2.59,0.13,10.89
0.1823,-0.01,2.67,0.188,0.13,10.89,2.59,0.13,10.89,1.47,0.01,1.35
0.2271,-0.04,4.67,0.208,0.01,1.35,1.47,0.01,1.35,2.56,0.01,1.78
0.209,0.03,1.33,0.2126,0.01,1.78,2.56,0.01,1.78,2.32,0.03,1.85
0.1981,-0.03,1.94,0.2093,0.03,1.85,2.32,0.03,1.85,2.54,-0.02,0.52
0.41,-0.81,15.15,0.57,0.14,10.29,-42.0,0.14,10.29,-4.549,0.4,21.5
0.41,-0.45,4.8,0.3,0.4,21.5,-4.549,0.4,21.5,-17.0,-0.04,9.59
0.45,-0.3,5.25,0.37,-0.04,9.59,-17.0,-0.04,9.59,-0.97,-0.03,11.59
0.38,-0.12,3.41,0.29,-0.03,11.59,-0.97,-0.03,11.59,14.0,0.01,7.95
0.24,0.07,13.19,0.27,0.01,7.95,14.0,0.01,7.95,-0.93,-0.08,1.91
0.235,-0.17,3.51,0.11,-0.08,1.91,-0.93,-0.08,1.91,-8.0,-0.02,2.45
0.75,0.52,6.18,0.455,-0.51,8.64,-3.54,-0.51,8.64,-8.84,-0.05,1.1
0.73,0.17,9.76,0.75,-0.05,1.1,-8.84,-0.05,1.1,8.02,0.66,14.96
0.6,-0.11,1.83,0.75,0.66,14.96,8.02,0.66,14.96,4.2,0.73,8.48
1.32,0.13,9.66,1.47,0.73,8.48,4.2,0.73,8.48,0.3,-0.2,1.87
1.81,-0.28,5.44,1.66,-0.2,1.87,0.3,-0.2,1.87,1.1,-0.46,2.47
1.66,0.14,2.18,1.4,-0.46,2.47,1.1,-0.46,2.47,0.2,-0.47,3.92
0.25,-0.14,15.71,0.15,-0.13,14.73,-0.55,-0.13,14.73,-0.47,-0.07,6.51
0.164,0.04,4.98,0.216,-0.07,6.51,-0.47,-0.07,6.51,-0.5,0.06,20.53
0.19,-0.02,3.69,0.195,0.06,20.53,-0.5,0.06,20.53,0.09,-0.03,13.63
0.25,-0.01,6.29,0.181,-0.03,13.63,0.09,-0.03,13.63,0.31,-0.01,12.68
0.177,0.01,11.34,0.19,-0.01,12.68,0.31,-0.01,12.68,0.21,0.01,1.88
0.17,0.0,6.26,0.163,0.01,1.88,0.21,0.01,1.88,0.78,-0.01,1.68
1.8998,0.3,35.55,2.129,0.11,52.24,8.2,0.11,52.24,13.0,-0.17,28.7
2.2626,0.01,22.03,2.0144,-0.17,28.7,13.0,-0.17,28.7,7.65,0.06,5.04
2.1003,0.07,7.69,2.1385,0.06,5.04,7.65,0.06,5.04,8.17,-0.14,2.41
4.2447,-0.18,33.93,3.8054,-0.41,28.79,0.61,-0.41,28.79,-1.67,-0.38,25.48
3.9515,0.14,26.92,3.5375,-0.38,25.48,-1.67,-0.38,25.48,2.06,1.66,26.94
2.0971,-0.78,2.67,1.9599,0.54,5.35,6.53,0.54,5.35,16.41,1.11,7.39
1.7051,-0.84,3.9,1.8227,1.11,7.39,16.41,1.11,7.39,16.51,0.04,2.25
2.6246,-0.23,2.16,2.2285,0.04,2.25,16.51,0.04,2.25,27.06,-0.36,0.88
2.3869,0.07,1.07,2.278,-0.36,0.88,27.06,-0.36,0.88,-32.22,-0.81,0.78
2.0997,-0.41,0.61,1.31,-0.81,0.78,-32.22,-0.81,0.78,-43.14,-0.27,1.47
5.1296,0.13,19.48,5.4297,-0.06,11.25,31.36,-0.06,11.25,65.31,0.56,14.01
5.4859,0.11,12.33,5.6,0.56,14.01,65.31,0.56,14.01,33.24,-1.0,3.96
5.6095,-0.5,3.99,4.69,-1.0,3.96,33.24,-1.0,3.96,76.75,-0.05,3.7
0.7503,-0.23,4.71,0.7691,0.03,6.16,0.86,0.03,6.16,-1.048,-0.08,10.48
0.891,0.08,4.49,0.8723,-0.08,10.48,-1.048,-0.08,10.48,0.8,0.06,4.54
0.8535,-0.06,5.64,0.8348,0.06,4.54,0.8,0.06,4.54,-1.21,-0.12,7.93
0.7316,-0.17,3.61,0.6378,-0.12,7.93,-1.21,-0.12,7.93,2.0,0.07,6.53
0.4,-0.28,4.93,0.375,0.07,6.53,2.0,0.07,6.53,-0.3,-0.03,3.01
0.33,-0.07,9.03,0.325,-0.03,3.01,-0.3,-0.03,3.01,-15.0,-0.03,11.53
11.25,7.0,48.31,10.5,-3.0,9.56,10.15,-3.0,9.56,6.05,-1.25,11.75
15.0,1.25,25.18,11.875,-1.25,11.75,6.05,-1.25,11.75,-0.01,-5.3,34.89
6.0,-7.04,37.88,2.65,-5.3,34.89,-0.01,-5.3,34.89,0.42,0.29,201.86
0.725,-0.51,42.89,0.5,0.29,201.86,0.42,0.29,201.86,-11.19,-0.15,35.42
1.2,-0.01,81.8,1.08,-0.15,35.42,-11.19,-0.15,35.42,-11.44,-0.05,11.35
0.94,-0.14,17.0,0.89,-0.05,11.35,-11.44,-0.05,11.35,3.09,-0.03,1.4
1.7111,0.33,4.15,2.1604,0.29,4.2,-2.6,0.29,4.2,17.0,0.0,2.4
1.6705,-0.8,2.04,1.7698,0.0,2.4,17.0,0.0,2.4,3.2,0.37,2.7
1.6253,-0.16,1.49,1.6344,0.37,2.7,3.2,0.37,2.7,26.0,0.55,6.53
2.0317,0.27,2.97,2.3547,0.55,6.53,26.0,0.55,6.53,5.0,0.41,4.78
2.7735,0.24,2.17,2.8665,0.41,4.78,5.0,0.41,4.78,36.0,-0.85,3.72
3.3133,0.47,3.24,2.9448,-0.85,3.72,36.0,-0.85,3.72,9.4,1.85,7.83
3.52,-1.29,45.87,4.78,0.21,2.7,-23.0,0.21,2.7,-8.0,-0.53,2.12
4.6,-0.35,2.54,4.0,-0.53,2.12,-8.0,-0.53,2.12,-30.0,-0.21,2.06
3.98,-0.2,1.64,3.75,-0.21,2.06,-30.0,-0.21,2.06,-20.0,0.08,8.11
3.8,0.18,7.2,3.65,0.08,8.11,-20.0,0.08,8.11,-43.0,-0.04,4.08
2.88,-0.48,4.08,3.0,-0.04,4.08,-43.0,-0.04,4.08,-114.0,-0.87,0.25
3.05,-0.65,1.53,2.42,-0.87,0.25,-114.0,-0.87,0.25,-158.64,-0.45,0.14
0.7676,0.44,31.72,0.7676,-0.26,25.76,6.7,-0.26,25.76,10.95,-0.1,1.52
0.787,-0.15,3.17,0.675,-0.1,1.52,10.95,-0.1,1.52,7.6,0.07,0.88
0.602,0.01,1.32,0.6658,0.07,0.88,7.6,0.07,0.88,15.86,0.2,3.03
0.693,0.04,1.42,0.7319,0.2,3.03,15.86,0.2,3.03,-3.9,-0.01,3.58
0.8269,-0.08,3.19,0.7339,-0.01,3.58,-3.9,-0.01,3.58,-23.02,-0.01,1.72
0.6849,-0.15,2.21,0.636,-0.01,1.72,-23.02,-0.01,1.72,1.3,0.02,1.46
0.4,-0.12,10.76,0.38,-0.03,5.13,0.06,-0.03,5.13,-1.78,0.1,8.43
0.26,-0.06,1.63,0.33,0.1,8.43,-1.78,0.1,8.43,0.85,-0.06,1.73
0.365,-0.02,4.16,0.3,-0.06,1.73,0.85,-0.06,1.73,0.71,-0.01,1.78
0.285,-0.01,6.2,0.255,-0.01,1.78,0.71,-0.01,1.78,0.23,-0.09,5.52
0.25,0.14,12.52,0.29,-0.09,5.52,0.23,-0.09,5.52,-0.39,-0.01,1.23
0.196,-0.11,1.6,0.153,-0.01,1.23,-0.39,-0.01,1.23,-1.54,0.0,0.67
1.31,-0.14,14.83,2.38,-1.08,2.1,-8.0,-1.08,2.1,-24.0,0.13,4.24
1.78,-0.49,4.29,1.82,0.13,4.24,-24.0,0.13,4.24,-51.0,0.57,4.29
1.93,-0.04,2.79,1.99,0.57,4.29,-51.0,0.57,4.29,-1.0,-0.27,6.43
2.15,-0.36,3.13,1.95,-0.27,6.43,-1.0,-0.27,6.43,-3.0,-0.37,11.57
1.93,0.07,7.14,1.58,-0.37,11.57,-3.0,-0.37,11.57,-4.0,0.17,9.14
1.45,0.19,10.58,1.77,0.17,9.14,-4.0,0.17,9.14,-16.0,-0.07,1.15
0.57,0.25,8.75,0.55,-0.24,7.99,-3.8,-0.24,7.99,-1.9,0.11,7.66
0.42,-0.12,8.44,0.385,0.11,7.66,-1.9,0.11,7.66,-4.23,-0.05,5.96
0.71,0.12,6.63,0.71,-0.05,5.96,-4.23,-0.05,5.96,-1.1,-0.21,10.11
0.56,0.02,5.87,0.58,-0.21,10.11,-1.1,-0.21,10.11,-2.53,-0.07,3.45
0.57,0.4,8.75,0.87,-0.07,3.45,-2.53,-0.07,3.45,-1.74,-0.15,2.14
2.5525,0.07,0.37,2.8846,0.07,0.28,51.0,0.07,0.28,7.0,0.27,0.3
2.2203,-0.53,0.09,2.6041,0.27,0.3,7.0,0.27,0.3,16.0,0.63,1.02
2.5584,-0.08,0.13,2.5165,0.63,1.02,16.0,0.63,1.02,6.0,-0.12,0.39
2.8787,0.08,0.28,2.7072,-0.12,0.39,6.0,-0.12,0.39,15.0,0.11,0.21
2.6522,-0.12,0.2,2.7486,0.11,0.21,15.0,0.11,0.21,7.0,0.05,0.06
2.7968,0.05,0.03,2.6987,0.05,0.06,7.0,0.05,0.06,18.0,0.09,1.56
3.5985,-1.05,3.54,3.6262,0.58,1.4,36.75,0.58,1.4,20.791,-0.68,0.9
2.9618,-0.47,4.49,2.9845,-0.68,0.9,20.791,-0.68,0.9,45.9,0.17,5.49
3.0415,0.16,2.78,3.4312,0.17,5.49,45.9,0.17,5.49,22.459,0.15,1.77
3.4503,0.2,1.64,3.6594,0.15,1.77,22.459,0.15,1.77,51.52,-0.03,0.65
3.414,-0.34,1.16,3.453,-0.03,0.65,51.52,-0.03,0.65,27.777,0.31,1.62
3.4628,-0.32,1.26,3.336,0.31,1.62,27.777,0.31,1.62,69.03,-0.22,1.82
1.4085,0.0,0.0,1.4085,0.0,0.0,-0.3,0.0,0.0,-0.11,-0.13,7.94
0.7598,-0.31,1.74,0.9357,0.23,4.2,25.0,0.23,4.2,8.0,-0.04,0.74
1.022,-0.16,1.76,0.9191,-0.04,0.74,8.0,-0.04,0.74,18.0,0.06,0.71
0.9667,-0.06,0.27,0.8795,0.06,0.71,18.0,0.06,0.71,6.0,0.02,0.98
0.9508,0.15,0.39,0.999,0.02,0.98,6.0,0.02,0.98,9.0,-0.02,0.35
0.9811,-0.02,0.62,0.9009,-0.02,0.35,9.0,-0.02,0.35,8.0,0.09,1.58
0.9009,-0.11,0.53,0.883,0.09,1.58,8.0,0.09,1.58,11.0,0.11,0.04
1.4924,0.41,6.02,1.5247,-0.67,3.0,2.59,-0.67,3.0,2.69,0.01,0.8
1.56,-0.34,1.16,1.55,0.01,0.8,2.69,0.01,0.8,3.73,0.01,1.16
1.29,-0.29,0.73,1.06,0.01,1.16,3.73,0.01,1.16,4.4,0.47,10.08
1.19,-0.06,1.04,1.12,0.47,10.08,4.4,0.47,10.08,-0.52,0.13,11.53
1.63,0.2,22.22,1.85,0.13,11.53,-0.52,0.13,11.53,-5.15,-0.12,12.36
1.71,-0.09,3.87,1.76,-0.12,12.36,-5.15,-0.12,12.36,1.06,-0.32,2.96
1.6,-0.08,2.65,1.8,0.48,1.15,-1.73,0.48,1.15,-11.94,0.53,0.22
1.2491,-0.57,30.0,1.7296,0.69,26.43,6.19,0.69,26.43,3.21,-0.24,16.41
1.8256,-0.35,12.13,1.6608,-0.24,16.41,3.21,-0.24,16.41,7.46,-0.43,3.56
1.7767,0.01,4.58,1.2263,-0.43,3.56,7.46,-0.43,3.56,5.18,-0.02,7.43
1.4001,0.24,8.5,1.6066,-0.02,7.43,5.18,-0.02,7.43,10.72,-0.13,5.17
1.5772,0.35,7.99,1.7732,-0.13,5.17,10.72,-0.13,5.17,5.28,-0.06,29.36
1.5968,-0.07,4.57,1.685,-0.06,29.36,5.28,-0.06,29.36,-69.8,-0.63,4.68
0.045,0.04,13.01,0.033,-0.06,2.63,-0.09,-0.06,2.63,-0.27,0.0,1.48
0.033,0.01,0.98,0.033,0.0,1.48,-0.27,0.0,1.48,-0.09,0.01,10.61
0.035,0.01,0.92,0.035,0.01,10.61,-0.09,0.01,10.61,-0.23,0.01,1.8
0.035,0.0,2.33,0.035,0.01,1.8,-0.23,0.01,1.8,-0.07,0.01,9.66
0.036,0.03,6.75,0.036,0.01,9.66,-0.07,0.01,9.66,-0.16,0.01,9.38
0.04,0.01,4.23,0.04,0.01,9.38,-0.16,0.01,9.38,-0.06,0.03,3.35
0.531,-0.08,0.0,0.4998,-0.02,42.85,27.1,-0.02,42.85,47.3,-0.16,61.8
0.3841,-0.09,61.68,0.2478,-0.16,61.8,47.3,-0.16,61.8,3.84,0.63,263.97
0.2272,0.06,56.11,0.347,0.63,263.97,3.84,0.63,263.97,-11.0,0.02,63.84
0.345,-0.56,175.63,0.375,0.02,63.84,-11.0,0.02,63.84,0.05,0.09,29.79
0.275,-0.04,37.39,0.29,0.09,29.79,0.05,0.09,29.79,-0.6,0.0,11.24
0.21,-0.14,27.86,0.228,0.0,11.24,-0.6,0.0,11.24,-0.94,-0.09,23.61
0.183,-0.13,41.86,0.27,0.05,16.24,-14.14,0.05,16.24,-2.36,-0.15,23.51
0.24,0.05,12.04,0.183,-0.15,23.51,-2.36,-0.15,23.51,-4.86,0.09,18.68
0.18,0.01,10.42,0.2,0.09,18.68,-4.86,0.09,18.68,-2.39,-0.01,22.91
0.3,0.11,48.43,0.315,-0.01,22.91,-2.39,-0.01,22.91,-3.49,-0.01,8.62
0.285,0.01,14.39,0.28,-0.01,8.62,-3.49,-0.01,8.62,-1.34,-0.01,5.99
0.247,0.01,14.29,0.25,-0.01,5.99,-1.34,-0.01,5.99,-2.31,0.0,3.99
1.4311,-1.46,6.88,1.6237,0.04,6.64,4.0,0.04,6.64,-5.0,-0.52,3.98
1.5646,0.31,8.71,1.55,-0.52,3.98,-5.0,-0.52,3.98,-10.0,-0.2,2.94
1.28,-0.28,5.91,1.11,-0.2,2.94,-10.0,-0.2,2.94,-3.0,-0.24,2.17
0.99,0.05,11.3,0.88,-0.24,2.17,-3.0,-0.24,2.17,-24.0,-0.29,2.74
0.8,0.27,6.21,0.85,-0.29,2.74,-24.0,-0.29,2.74,-2.0,-0.21,1.13
0.7,-0.17,4.38,0.485,-0.21,1.13,-2.0,-0.21,1.13,-7.99,-0.13,0.22
2.4102,-0.9391,2.63,2.3232,-0.4292,2.14,19.8,-0.4292,2.14,36.96,0.529,1.33
1.8165,-0.5196,2.1,1.8548,0.529,1.33,36.96,0.529,1.33,11.62,-0.5315,7.8
1.8778,-0.1526,3.7,1.6725,-0.5315,7.8,11.62,-0.5315,7.8,21.08,0.15,8.63
1.3802,-0.2988,7.64,1.2747,0.15,8.63,21.08,0.15,8.63,14.45,0.0325,3.75
1.3627,-0.1581,2.92,1.3743,0.0325,3.75,14.45,0.0325,3.75,25.63,0.1414,4.42
1.3834,0.1189,6.76,1.518,0.1414,4.42,25.63,0.1414,4.42,11.73,-0.4656,9.83
0.4,-0.35,5.45,0.53,0.1,2.9,-2.12,0.1,2.9,-1.06,-0.07,0.6
0.375,-0.2,2.08,0.35,-0.07,0.6,-1.06,-0.07,0.6,-1.19,0.05,0.7
0.265,-0.07,1.28,0.285,0.05,0.7,-1.19,0.05,0.7,0.38,0.06,1.92
0.26,-0.1,1.13,0.202,0.06,1.92,0.38,0.06,1.92,0.13,0.14,2.12
0.25,-0.03,0.88,0.24,0.14,2.12,0.13,0.14,2.12,-0.53,-0.18,2.0
0.34,-0.07,1.1,0.265,-0.18,2.0,-0.53,-0.18,2.0,-1.26,0.05,0.28
2.0,-0.72,5.02,2.42,0.96,6.02,12.64,0.96,6.02,4.38,0.13,6.45
2.59,-0.79,1.45,2.69,0.13,6.45,4.38,0.13,6.45,10.01,0.04,1.97
2.18,-0.6,0.95,1.86,0.04,1.97,10.01,0.04,1.97,1.88,0.3,2.43
2.28,0.59,4.67,2.75,0.3,2.43,1.88,0.3,2.43,1.0,-0.13,2.86
2.65,-0.45,2.75,2.45,-0.13,2.86,1.0,-0.13,2.86,-0.68,-0.36,10.16
2.34,-0.05,9.23,1.97,-0.36,10.16,-0.68,-0.36,10.16,-26.15,-0.08,12.54
0.26,-0.17,3.8,0.174,-0.08,0.99,-9.48,-0.08,0.99,-0.16,0.03,12.95
0.11,-0.06,10.19,0.115,0.03,12.95,-0.16,0.03,12.95,-0.3,0.15,84.99
0.122,0.01,30.01,0.162,0.15,84.99,-0.3,0.15,84.99,-0.14,-0.15,15.28
0.325,0.08,40.46,0.219,-0.15,15.28,-0.14,-0.15,15.28,1.6,0.03,13.44
0.237,-0.09,33.97,0.215,0.03,13.44,1.6,0.03,13.44,-0.22,-0.05,35.23
0.167,-0.04,31.54,0.125,-0.05,35.23,-0.22,-0.05,35.23,7.52,-0.04,14.69
0.7001,-0.36,7.28,0.8926,0.33,5.65,18.0,0.33,5.65,9.0,0.02,4.23
0.7526,-0.24,4.32,0.8657,0.02,4.23,9.0,0.02,4.23,24.0,0.09,5.33
0.9494,0.52,6.48,1.2566,0.09,5.33,24.0,0.09,5.33,6.0,0.73,11.58
1.48,0.63,13.02,1.8244,0.73,11.58,6.0,0.73,11.58,67.0,0.94,16.85
2.6774,0.79,27.98,3.3372,0.94,16.85,67.0,0.94,16.85,27.0,0.66,29.14
4.7524,1.67,40.08,5.8903,0.66,29.14,27.0,0.66,29.14,131.25,0.29,20.1
0.8489,2.54,20.31,1.9124,-0.79,3.81,5.32,-0.79,3.81,9.79,0.39,1.69
2.5662,0.6,4.07,2.0295,0.39,1.69,9.79,0.39,1.69,4.29,-0.42,3.54
2.6735,-0.22,1.9,2.8471,-0.42,3.54,4.29,-0.42,3.54,8.55,-0.82,4.14
2.9747,0.31,3.77,2.4446,-0.82,4.14,8.55,-0.82,4.14,5.23,1.18,4.37
2.4544,0.29,3.26,2.6311,1.18,4.37,5.23,1.18,4.37,7.77,-4.01,4.41
3.94,3.51,7.11,3.4351,-4.01,4.41,7.77,-4.01,4.41,3.41,-0.2,1.24
1.44,0.02,37.53,1.2,-0.3,29.73,-15.1,-0.3,29.73,-74.6,-0.06,19.69
1.19,0.13,32.05,1.11,-0.06,19.69,-74.6,-0.06,19.69,3.4,-0.14,2.27
1.15,-0.12,8.44,1.0,-0.14,2.27,3.4,-0.14,2.27,1.48,-0.47,1.58
1.5677,-1.34,11.32,1.8127,0.25,2.61,9.5,0.25,2.61,5.3,-0.02,5.13
1.068,-0.84,17.28,1.215,-0.02,5.13,5.3,-0.02,5.13,11.1,0.12,5.85
1.2845,0.47,5.04,1.6897,0.12,5.85,11.1,0.12,5.85,5.5,-0.2,2.48
1.6798,-0.02,2.88,1.4822,-0.2,2.48,5.5,-0.2,2.48,11.8,1.78,28.39
1.5729,0.49,22.76,2.0308,1.78,28.39,11.8,1.78,28.39,6.9,-0.17,6.57
2.6679,-0.6,35.56,3.0263,-0.17,6.57,6.9,-0.17,6.57,16.55,-0.44,1.73
4.9202,-3.08,2.39,5.3425,0.8,1.21,52.0,0.8,1.21,16.0,-0.23,0.19
4.9005,-0.37,0.39,4.9387,-0.23,0.19,16.0,-0.23,0.19,34.0,-0.09,0.93
4.8992,-0.06,0.72,4.593,-0.09,0.93,34.0,-0.09,0.93,12.0,-0.15,1.04
4.7411,0.17,0.61,4.6705,-0.15,1.04,12.0,-0.15,1.04,40.0,0.0,0.71
4.6109,-0.11,1.53,4.6009,0.0,0.71,40.0,0.0,0.71,44.0,-0.5,0.32
4.6606,0.1,3.96,4.51,-0.5,0.32,44.0,-0.5,0.32,174.0,-0.39,1.19
2.785,0.25,15.75,2.33,0.13,2.63,-18.36,0.13,2.63,7.34,0.02,2.54
1.98,-1.04,7.34,2.11,0.02,2.54,7.34,0.02,2.54,11.4,-0.07,2.23
2.17,-0.21,4.17,1.95,-0.07,2.23,11.4,-0.07,2.23,4.51,0.55,15.8
1.69,-0.28,6.84,1.54,0.55,15.8,4.51,0.55,15.8,-3.03,-0.27,2.54
1.31,-0.12,7.52,1.17,-0.27,2.54,-3.03,-0.27,2.54,0.25,-0.11,3.41
45.4203,7.27,5.38,53.9493,2.15,5.23,444.0,2.15,5.23,219.0,-6.97,7.46
60.8672,3.65,7.2,59.5292,-6.97,7.46,219.0,-6.97,7.46,382.0,-4.67,4.94
58.6085,0.62,5.72,55.9126,-4.67,4.94,382.0,-4.67,4.94,225.0,5.74,6.32
56.0985,-0.63,5.18,56.8886,5.74,6.32,225.0,5.74,6.32,407.0,-0.06,3.92
61.4133,2.16,4.56,63.06,-0.06,3.92,407.0,-0.06,3.92,236.0,-4.18,5.43
61.57,-2.91,5.99,56.3229,-4.18,5.43,236.0,-4.18,5.43,414.0,-2.7,4.4
0.78,-1.03,16.01,0.88,-0.3,1.86,-42.0,-0.3,1.86,-0.4,0.02,2.09
0.78,-0.09,0.82,0.73,0.02,2.09,-0.4,0.02,2.09,-12.0,0.26,10.73
0.86,0.54,6.88,0.96,0.26,10.73,-12.0,0.26,10.73,4.74,-0.2,8.92
1.35,-0.25,7.21,1.08,-0.2,8.92,4.74,-0.2,8.92,-4.0,0.14,11.28
0.98,-0.13,15.34,1.07,0.14,11.28,-4.0,0.14,11.28,-1.64,-0.34,3.11
1.01,-0.22,4.86,0.69,-0.34,3.11,-1.64,-0.34,3.11,-4.34,-0.06,0.49
0.59,-0.5,62.18,0.66,-0.15,13.31,-8.12,-0.15,13.31,-20.02,-0.19,5.42
0.48,-0.21,6.47,0.34,-0.19,5.42,-20.02,-0.19,5.42,-19.65,-0.01,12.2
0.2,-0.06,12.98,0.242,-0.01,12.2,-19.65,-0.01,12.2,0.63,0.01,28.21
0.241,0.15,23.33,0.32,0.01,28.21,0.63,0.01,28.21,3.03,0.15,22.76
0.275,-0.12,13.39,0.315,0.15,22.76,3.03,0.15,22.76,-0.48,-0.22,19.69
0.375,0.06,102.05,0.25,-0.22,19.69,-0.48,-0.22,19.69,-3.82,0.04,22.24
4.27,-0.5,15.61,3.11,-1.41,29.48,4.99,-1.41,29.48,1.3,1.25,25.02
1.85,-0.99,20.53,2.15,1.25,25.02,1.3,1.25,25.02,31.52,0.72,17.27
2.35,-0.38,14.09,2.45,0.72,17.27,31.52,0.72,17.27,34.99,-1.72,18.96
3.23,2.33,31.75,4.0,-1.72,18.96,34.99,-1.72,18.96,1.31,-1.45,35.04
4.3,1.2,30.97,3.33,-1.45,35.04,1.31,-1.45,35.04,59.79,-0.41,15.57
2.76,-0.36,26.9,2.87,-0.41,15.57,59.79,-0.41,15.57,59.16,0.02,16.73
62.4745,-14.79,13.7,63.1566,-1.95,10.6,331.4,-1.95,10.6,134.6,-1.32,12.87
54.622,-5.26,18.74,57.9159,-1.32,12.87,134.6,-1.32,12.87,296.7,-6.85,15.07
58.5102,0.52,12.01,50.563,-6.85,15.07,296.7,-6.85,15.07,153.9,0.96,18.98
52.8825,0.88,16.98,50.0875,0.96,18.98,153.9,0.96,18.98,314.9,13.91,15.63
54.2615,15.1,18.56,70.2468,13.91,15.63,314.9,13.91,15.63,161.4,4.2,17.3
67.4986,-13.56,20.07,64.5094,4.2,17.3,161.4,4.2,17.3,359.62,-15.25,27.37
4.6197,-0.38,4.37,5.3549,-0.36,2.52,55.09,-0.36,2.52,25.96,-0.63,1.56
4.7363,-0.13,1.25,4.8416,-0.63,1.56,25.96,-0.63,1.56,52.92,-1.55,2.89
4.6182,-0.03,1.97,3.4114,-1.55,2.89,52.92,-1.55,2.89,25.99,0.01,4.32
3.4302,0.37,6.5,3.7488,0.01,4.32,25.99,0.01,4.32,54.2,-0.22,3.41
3.3957,-0.41,2.29,3.1599,-0.22,3.41,54.2,-0.22,3.41,30.03,-0.33,0.89
3.2365,0.06,2.48,3.1458,-0.33,0.89,30.03,-0.33,0.89,54.47,0.28,1.88
0.672,-2.16,158.8,0.7105,-0.19,77.46,-7.54,-0.19,77.46,-98.0,-0.14,77.48
0.2919,-0.32,123.32,0.4296,-0.14,77.48,-98.0,-0.14,77.48,-11.0,0.01,48.13
0.2754,-0.04,71.56,0.3625,0.01,48.13,-11.0,0.01,48.13,-21.1,-0.06,160.97
0.3313,0.21,100.59,0.3187,-0.06,160.97,-21.1,-0.06,160.97,-0.69,0.19,91.06
0.2813,-0.28,109.22,0.2844,0.19,91.06,-0.69,0.19,91.06,-15.2,0.01,6.05
0.3313,-0.09,8.86,0.3937,0.01,6.05,-15.2,0.01,6.05,-5.47,0.17,25.22
0.4828,-0.43,5.9,0.6194,0.03,2.14,-6.66,0.03,2.14,-7.18,0.07,1.1
0.5165,0.04,0.78,0.618,0.07,1.1,-7.18,0.07,1.1,5.38,-0.05,0.91
0.6549,0.12,1.03,0.7471,-0.05,0.91,5.38,-0.05,0.91,9.33,-0.12,0.39
0.7287,0.11,1.74,0.6901,-0.12,0.39,9.33,-0.12,0.39,6.11,0.06,0.83
0.6528,-0.01,0.44,0.6994,0.06,0.83,6.11,0.06,0.83,12.51,0.13,0.37
0.7561,0.08,0.36,0.7169,0.13,0.37,12.51,0.13,0.37,0.51,0.01,0.64
1.9,0.69,9.08,2.76,0.32,13.04,0.27,0.32,13.04,-4.98,0.38,23.37
2.95,-0.24,20.5,2.6,0.38,23.37,-4.98,0.38,23.37,-1.87,-0.09,11.78
0.424,-0.63,30.15,0.42,0.0,6.29,2.03,0.0,6.29,-1.5,-0.07,6.58
0.385,0.03,6.64,0.435,-0.07,6.58,-1.5,-0.07,6.58,-3.75,-0.12,4.33
0.43,0.19,20.68,0.47,-0.12,4.33,-3.75,-0.12,4.33,24.5,-0.05,1.45
0.48,0.05,5.39,0.44,-0.05,1.45,24.5,-0.05,1.45,5.47,-0.11,2.28
0.385,-0.13,1.15,0.3,-0.11,2.28,5.47,-0.11,2.28,-10.0,-0.07,1.89
0.25,0.03,2.94,0.201,-0.07,1.89,-10.0,-0.07,1.89,-24.35,-0.04,1.86
0.2381,0.03,6.64,0.2195,-0.03,1.16,3.8,-0.03,1.16,3.0,-0.08,4.99
0.2341,0.09,19.17,0.2085,-0.08,4.99,3.0,-0.08,4.99,5.9,0.01,10.69
0.2428,0.12,14.33,0.2635,0.01,10.69,5.9,0.01,10.69,3.85,0.05,14.29
0.3568,0.03,6.47,0.4541,0.05,14.29,3.85,0.05,14.29,8.4,0.18,10.02
0.5165,0.07,5.78,0.578,0.18,10.02,8.4,0.18,10.02,9.2,0.04,2.94
0.9898,-0.04,2.68,1.0313,0.04,2.94,9.2,0.04,2.94,4.4,-0.12,0.78
0.1838,-0.05,11.87,0.14,-0.02,7.29,0.22,-0.02,7.29,0.47,-0.01,8.17
0.1361,-0.03,24.76,0.13,-0.01,8.17,0.47,-0.01,8.17,0.48,0.03,13.1
0.132,0.01,5.98,0.129,0.03,13.1,0.48,0.03,13.1,0.07,0.0,6.88
0.134,0.04,6.47,0.108,0.0,6.88,0.07,0.0,6.88,0.12,0.0,3.57
0.093,0.02,6.34,0.094,0.0,3.57,0.12,0.0,3.57,0.13,0.02,39.0
0.072,0.0,3.15,0.053,0.02,39.0,0.13,0.02,39.0,1.41,0.01,3.44
3.5004,-0.55,6.51,3.9093,0.0,4.18,31.8,0.0,4.18,20.9,-0.12,2.52
3.5263,0.29,3.11,4.1126,-0.12,2.52,20.9,-0.12,2.52,54.91,-0.27,2.4
4.3085,0.29,4.09,4.1906,-0.27,2.4,54.91,-0.27,2.4,22.72,-0.21,2.92
4.2526,1.02,4.77,5.0145,-0.21,2.92,22.72,-0.21,2.92,56.66,0.02,3.18
5.1019,0.28,4.39,5.0952,0.02,3.18,56.66,0.02,3.18,27.64,-0.1,7.33
5.0858,0.28,6.82,5.5269,-0.1,7.33,27.64,-0.1,7.33,71.9,-0.12,8.88
3.9016,1.34,38.53,4.8987,1.19,33.37,28.0,1.19,33.37,60.0,2.67,49.71
5.1445,-1.1,32.64,5.2332,2.67,49.71,60.0,2.67,49.71,21.0,-1.84,14.68
7.6379,0.03,19.62,5.67,-1.84,14.68,21.0,-1.84,14.68,30.81,-0.16,11.28
3.3255,0.06,36.54,2.4665,-0.42,31.28,12.57,-0.42,31.28,4.14,-0.34,56.79
2.9,-0.03,34.03,2.43,-0.34,56.79,4.14,-0.34,56.79,-0.74,-0.57,3.56
1.88,-0.71,8.37,1.29,-0.57,3.56,-0.74,-0.57,3.56,1.05,-0.07,4.99
0.5,-0.59,5.93,0.72,0.05,2.56,-7.13,0.05,2.56,-4.06,-0.13,0.44
0.53,0.01,1.42,0.57,-0.13,0.44,-4.06,-0.13,0.44,-7.43,-0.01,0.99
0.6,0.14,1.85,0.73,-0.01,0.99,-7.43,-0.01,0.99,-6.03,-0.3,7.62
0.7,0.56,24.67,1.0,-0.3,7.62,-6.03,-0.3,7.62,-18.52,-0.04,1.35
0.83,-0.11,0.63,0.74,-0.04,1.35,-18.52,-0.04,1.35,-8.92,-0.14,0.18
0.7,-0.09,2.68,0.65,-0.14,0.18,-8.92,-0.14,0.18,-15.1,0.03,0.23
2.6,-1.75,0.89,2.9,0.85,2.42,2.85,0.85,2.42,-1.19,-0.3,0.33
2.8,-0.25,0.51,3.15,-0.3,0.33,-1.19,-0.3,0.33,-1.8,0.1,4.73
3.25,0.2,0.57,3.55,0.1,4.73,-1.8,0.1,4.73,-178.05,-0.3,0.43
2.95,-0.6,1.13,2.85,-0.3,0.43,-178.05,-0.3,0.43,-163.23,-0.51,1.68
1.7,-1.17,1.2,1.2,-0.51,1.68,-163.23,-0.51,1.68,-833.0,-0.52,0.94
0.8,-0.37,10.8,0.72,-0.52,0.94,-833.0,-0.52,0.94,2.0,-0.09,0.78
1.5,-0.15,8.58,1.7,0.03,8.34,-1.85,0.03,8.34,-3.8,-0.36,6.81
1.58,-0.18,6.66,1.23,-0.36,6.81,-3.8,-0.36,6.81,-1.92,-0.11,7.81
1.22,0.15,8.1,1.22,-0.11,7.81,-1.92,-0.11,7.81,-3.76,-0.2,11.57
1.24,-0.05,11.02,0.89,-0.2,11.57,-3.76,-0.2,11.57,-0.5,0.21,13.09
2.7851,0.07,3.86,3.9927,0.14,1.85,18.75,0.14,1.85,11.08,0.05,0.92
3.4765,-0.81,1.54,3.7122,0.05,0.92,11.08,0.05,0.92,24.33,-0.23,1.27
3.2812,-0.44,1.5,3.1049,-0.23,1.27,24.33,-0.23,1.27,13.72,0.33,1.88
3.1441,0.64,1.79,3.8199,0.33,1.88,13.72,0.33,1.88,29.75,-0.32,3.14
3.948,0.67,4.08,4.5442,-0.32,3.14,29.75,-0.32,3.14,17.46,-1.42,10.47
4.5541,3.25,20.94,6.1125,-1.42,10.47,17.46,-1.42,10.47,40.5,-1.63,5.28
0.3,-0.16,2.04,0.33,-0.04,2.2,3.9,-0.04,2.2,0.22,0.01,0.46
0.295,-0.1,0.4,0.295,0.01,0.46,0.22,0.01,0.46,3.09,-0.01,1.22
0.285,-0.01,1.33,0.265,-0.01,1.22,3.09,-0.01,1.22,5.05,0.01,0.83
0.26,-0.01,1.34,0.255,0.01,0.83,5.05,0.01,0.83,6.1,0.01,2.03
0.25,-0.01,1.76,0.255,0.01,2.03,6.1,0.01,2.03,3.8,0.01,0.25
0.243,-0.01,0.97,0.24,0.01,0.25,3.8,0.01,0.25,4.81,-0.01,0.38
0.175,-0.32,43.83,0.118,-0.08,33.06,0.35,-0.08,33.06,-0.3,-0.01,16.42
0.065,0.04,59.19,0.097,-0.01,16.42,-0.3,-0.01,16.42,-0.34,0.01,16.2
0.071,-0.02,21.66,0.053,0.01,16.2,-0.34,0.01,16.2,-1.37,-0.01,9.12
0.053,0.01,8.76,0.022,-0.01,9.12,-1.37,-0.01,9.12,-1.43,0.01,15.72
0.017,0.03,20.27,0.02,0.01,15.72,-1.43,0.01,15.72,0.04,0.0,7.85
0.019,0.0,8.57,0.018,0.0,7.85,0.04,0.0,7.85,-0.16,0.0,7.51
0.26,-4.42,12.9,0.35,0.11,29.02,5.0,0.11,29.02,-0.4,0.01,1.23
0.325,-0.08,2.36,0.35,0.01,1.23,-0.4,0.01,1.23,10.0,-0.03,0.9
0.33,0.1,4.07,0.385,-0.03,0.9,10.0,-0.03,0.9,-0.52,-0.03,1.34
0.37,-0.02,0.76,0.325,-0.03,1.34,-0.52,-0.03,1.34,3.0,-0.03,1.69
0.275,-0.02,3.64,0.25,-0.03,1.69,3.0,-0.03,1.69,-0.19,-0.01,4.32
0.241,0.04,3.1,0.265,-0.01,4.32,-0.19,-0.01,4.32,2.0,0.01,2.05
3.8327,0.14,29.1,4.1562,1.05,122.5,18.0,1.05,122.5,36.0,-0.47,32.5
4.69,-0.25,52.97,4.16,-0.47,32.5,36.0,-0.47,32.5,23.72,-0.78,3.81
4.14,-0.02,11.37,3.55,-0.78,3.81,23.72,-0.78,3.81,39.95,-0.11,2.95
3.86,-0.88,27.93,4.6771,0.4,19.37,25.0,0.4,19.37,8.5,-0.45,17.84
4.2819,-0.34,22.41,3.9977,-0.45,17.84,8.5,-0.45,17.84,25.0,0.02,11.29
4.0365,0.78,16.59,4.6391,0.02,11.29,25.0,0.02,11.29,14.4,0.63,15.85
4.3436,0.37,13.89,5.0868,0.63,15.85,14.4,0.63,15.85,39.0,0.2,10.07
5.2674,-0.58,10.09,5.0301,0.2,10.07,39.0,0.2,10.07,14.5,0.36,15.03
4.8238,-0.45,6.61,4.6863,0.36,15.03,14.5,0.36,15.03,37.66,-1.33,9.9
1.6,-1.19,26.94,1.43,-0.11,14.09,-163.3,-0.11,14.09,-36.9,-0.08,8.42
0.9,-0.4,20.69,1.1,-0.08,8.42,-36.9,-0.08,8.42,-128.5,-0.11,12.68
1.0,0.09,14.03,1.12,-0.11,12.68,-128.5,-0.11,12.68,-30.3,-0.15,8.12
1.14,0.03,15.22,0.96,-0.15,8.12,-30.3,-0.15,8.12,-105.1,-0.12,11.39
0.89,-0.1,8.3,0.74,-0.12,11.39,-105.1,-0.12,11.39,-29.7,0.04,9.16
0.79,0.27,29.43,0.99,0.04,9.16,-29.7,0.04,9.16,-261.1,-0.15,5.46
0.1804,-0.24,27.31,0.1374,-0.06,15.61,-2.15,-0.06,15.61,-0.87,-0.01,16.39
0.1451,0.14,23.66,0.2405,-0.01,16.39,-0.87,-0.01,16.39,-1.53,-0.09,4.33
0.2319,0.02,9.93,0.1348,-0.09,4.33,-1.53,-0.09,4.33,-0.53,-0.1,10.08
0.1348,-0.01,8.19,0.0859,-0.1,10.08,-0.53,-0.1,10.08,-0.19,0.01,12.23
0.0764,-0.02,12.01,0.0575,0.01,12.23,-0.19,0.01,12.23,-0.71,0.01,1.54
0.0447,0.01,3.65,0.0481,0.01,1.54,-0.71,0.01,1.54,-1.02,-0.01,4.86
3.4328,-0.57,3.87,3.1701,0.02,1.81,11.78,0.02,1.81,9.12,-0.48,2.26
3.0614,0.3,5.56,3.2426,-0.48,2.26,9.12,-0.48,2.26,47.43,0.28,8.68
3.1393,0.07,4.76,3.2949,0.28,8.68,47.43,0.28,8.68,26.72,0.23,8.32
3.1833,-0.22,11.28,3.3147,0.23,8.32,26.72,0.23,8.32,42.63,-0.62,3.17
4.6791,-2.23,30.95,3.9253,-0.86,44.97,80.2,-0.86,44.97,25.0,-0.8,49.83
3.492,-0.1,28.14,3.2061,-0.8,49.83,25.0,-0.8,49.83,31.7,0.01,60.85
3.1974,-0.22,64.42,2.9033,0.01,60.85,31.7,0.01,60.85,-1.8,0.18,59.61
3.0646,-0.19,59.15,2.9412,0.18,59.61,-1.8,0.18,59.61,4.4,-0.32,34.23
3.0187,-0.17,36.28,2.7605,-0.32,34.23,4.4,-0.32,34.23,10.6,0.1,10.72
2.5321,0.18,8.79,2.8995,0.1,10.72,10.6,0.1,10.72,15.07,0.47,6.82
6.78,0.49,44.04,6.36,-0.33,27.89,16.0,-0.33,27.89,29.0,-1.3,25.2
6.96,0.7,31.64,6.04,-1.3,25.2,29.0,-1.3,25.2,20.16,-0.94,3.99
5.82,-0.3,7.35,5.02,-0.94,3.99,20.16,-0.94,3.99,42.23,-0.01,1.52
0.26,-0.22,0.0,0.147,0.02,0.0,16.88,0.02,0.0,16.12,-0.01,0.0
0.225,-0.06,0.0,0.19,-0.01,0.0,16.12,-0.01,0.0,16.69,0.06,0.0
0.186,-0.01,0.0,0.21,0.06,0.0,16.69,0.06,0.0,15.76,-0.04,0.0
0.275,0.05,0.0,0.26,-0.04,0.0,15.76,-0.04,0.0,1.06,0.09,0.0
0.376,-0.33,29.51,0.5411,0.15,29.87,3.5,0.15,29.87,0.86,-0.06,7.84
0.5044,-0.09,12.8,0.4542,-0.06,7.84,0.86,-0.06,7.84,3.77,0.05,7.1
0.5394,0.1,8.55,0.5678,0.05,7.1,3.77,0.05,7.1,0.67,-0.11,6.32
0.5867,-0.07,5.6,0.4926,-0.11,6.32,0.67,-0.11,6.32,2.8,-0.1,6.39
0.4733,0.06,8.24,0.4636,-0.1,6.39,2.8,-0.1,6.39,0.87,-0.1,1.26
0.4636,0.0,2.83,0.36,-0.1,1.26,0.87,-0.1,1.26,2.4,-0.02,0.47
0.13,-0.14,10.46,0.16,0.0,14.33,-0.061,0.0,14.33,0.6,0.03,3.71
0.12,-0.01,8.1,0.124,0.03,3.71,0.6,0.03,3.71,0.66,-0.02,2.0
0.134,0.03,2.62,0.102,-0.02,2.0,0.66,-0.02,2.0,0.64,0.01,2.87
0.106,0.02,4.09,0.112,0.01,2.87,0.64,0.01,2.87,0.45,0.01,3.07
0.114,0.02,1.09,0.099,0.01,3.07,0.45,0.01,3.07,0.06,-0.01,0.81
0.085,0.01,1.73,0.068,-0.01,0.81,0.06,-0.01,0.81,-2.07,0.01,1.26
0.175,-0.14,7.58,0.225,0.0,1.59,-0.13,0.0,1.59,-0.69,0.14,14.96
0.212,0.02,1.74,0.25,0.14,14.96,-0.69,0.14,14.96,0.11,0.08,5.4
0.27,-0.04,3.69,0.31,0.08,5.4,0.11,0.08,5.4,-0.52,0.05,20.94
0.39,0.25,52.74,0.6,0.05,20.94,-0.52,0.05,20.94,-0.14,0.11,89.68
0.45,0.46,39.18,0.88,0.11,89.68,-0.14,0.11,89.68,-0.78,-0.12,20.22
0.78,-0.22,52.08,0.85,-0.12,20.22,-0.78,-0.12,20.22,-8.3,-0.28,43.02
0.21,-0.16,9.54,0.214,0.1,3.96,-11.07,0.1,3.96,-3.45,-0.1,4.97
0.25,0.03,8.84,0.3,-0.1,4.97,-3.45,-0.1,4.97,-6.74,0.02,4.07
0.305,0.13,3.94,0.35,0.02,4.07,-6.74,0.02,4.07,-3.67,-0.01,3.8
0.31,-0.03,1.85,0.265,-0.01,3.8,-3.67,-0.01,3.8,-7.66,-0.03,9.1
0.31,0.1,15.67,0.38,-0.03,9.1,-7.66,-0.03,9.1,-0.5,-0.01,1.69
0.295,-0.16,4.23,0.246,-0.01,1.69,-0.5,-0.01,1.69,-1.88,-0.03,1.22
1.4928,-0.29,52.93,1.8101,1.61,136.35,6.58,1.61,136.35,0.04,0.15,129.37
0.4,-2.41,79.26,0.655,0.15,129.37,0.04,0.15,129.37,-34.0,0.42,69.04
0.28,-0.43,55.61,0.36,0.42,69.04,-34.0,0.42,69.04,-45.57,0.32,59.98
0.54,0.02,72.14,0.68,0.32,59.98,-45.57,0.32,59.98,-64.0,0.34,53.42
0.96,0.04,16.1,1.04,0.34,53.42,-64.0,0.34,53.42,1.07,-0.61,69.66
1.19,-0.21,50.59,0.475,-0.61,69.66,1.07,-0.61,69.66,-8.0,0.15,17.07
4.2233,-2.14,10.46,3.971,-0.23,7.95,30.45,-0.23,7.95,21.18,0.45,9.83
3.1955,-0.46,11.63,3.5972,0.45,9.83,21.18,0.45,9.83,36.26,-0.35,5.7
3.9571,0.05,6.72,3.7469,-0.35,5.7,36.26,-0.35,5.7,22.21,0.82,7.51
3.7469,0.28,7.17,4.1865,0.82,7.51,22.21,0.82,7.51,49.87,0.8,4.82
4.8808,0.37,6.55,5.2924,0.8,4.82,49.87,0.8,4.82,23.96,0.91,11.32
5.6257,0.55,5.23,6.5763,0.91,11.32,23.96,0.91,11.32,43.89,-1.04,6.16
1.4711,-1.15,3.2,1.5091,-0.04,1.44,29.7,-0.04,1.44,13.0,0.1,0.8
1.566,-0.01,3.25,1.566,0.1,0.8,13.0,0.1,0.8,25.7,-0.01,1.27
1.6469,0.05,1.53,1.6372,-0.01,1.27,25.7,-0.01,1.27,17.7,0.22,4.8
1.6276,0.06,1.33,1.6954,0.22,4.8,17.7,0.22,4.8,29.4,0.34,6.08
1.7996,0.13,0.89,1.7701,0.34,6.08,29.4,0.34,6.08,18.3,-0.18,1.88
1.9668,-0.1,4.14,2.016,-0.18,1.88,18.3,-0.18,1.88,34.81,0.27,1.84
2.4638,0.2,10.62,2.5024,-0.64,8.65,18.0,-0.64,8.65,10.0,-0.57,29.87
2.5604,1.34,12.15,3.3012,-0.57,29.87,10.0,-0.57,29.87,19.0,-0.29,12.63
3.3207,0.43,14.34,3.3696,-0.29,12.63,19.0,-0.29,12.63,11.0,-0.48,11.36
3.1742,0.06,13.64,3.0779,-0.48,11.36,11.0,-0.48,11.36,15.0,-0.02,10.5
3.1966,1.07,15.99,3.6915,-0.02,10.5,15.0,-0.02,10.5,8.0,-0.56,11.0
3.4144,1.06,8.23,4.3743,-0.56,11.0,8.0,-0.56,11.0,10.0,-0.67,9.17
1.4,-2.01,70.92,2.35,0.07,45.52,3.48,0.07,45.52,-3.65,-1.01,38.07
1.73,-0.31,23.4,1.26,-1.01,38.07,-3.65,-1.01,38.07,-8.73,0.22,12.86
1.2,0.12,11.5,1.33,0.22,12.86,-8.73,0.22,12.86,-2.27,-0.27,108.88
0.57,-1.07,58.84,0.31,-0.27,108.88,-2.27,-0.27,108.88,-10.38,-0.2,18.46
0.365,0.21,67.5,0.345,-0.2,18.46,-10.38,-0.2,18.46,-1.61,-0.06,5.29
0.255,-0.01,7.3,0.26,-0.06,5.29,-1.61,-0.06,5.29,-4.51,-0.06,1.79
11.2424,2.65,42.6,13.6972,2.3,41.18,132.2,2.3,41.18,240.3,1.8,32.36
15.9249,0.94,44.97,17.2472,1.8,32.36,240.3,1.8,32.36,123.3,0.26,7.42
17.9462,-0.71,10.6,17.4928,0.26,7.42,123.3,0.26,7.42,253.25,-0.72,6.45
0.58,-0.66,45.82,0.6,-0.09,25.1,-3.04,-0.09,25.1,0.03,0.11,27.71
0.74,0.14,75.92,0.8,0.11,27.71,0.03,0.11,27.71,1.69,0.16,42.08
0.99,0.44,27.18,1.3,0.16,42.08,1.69,0.16,42.08,0.58,0.41,23.44
1.42,-0.05,52.6,1.55,0.41,23.44,0.58,0.41,23.44,0.3,-0.09,11.5
1.6,-0.09,5.14,1.75,-0.09,11.5,0.3,-0.09,11.5,0.41,0.78,16.13
1.56,-0.17,5.98,1.63,0.78,16.13,0.41,0.78,16.13,5.25,-0.37,6.75
1.6984,-1.49,8.01,1.6134,-0.23,3.98,-23.0,-0.23,3.98,9.0,0.37,1.71
1.6512,0.04,1.25,2.0852,0.37,1.71,9.0,0.37,1.71,35.0,0.87,4.6
2.1701,0.09,0.9,2.4721,0.87,4.6,35.0,0.87,4.6,-5.0,-0.41,2.71
3.0571,0.01,5.59,2.7929,-0.41,2.71,-5.0,-0.41,2.71,6.0,-0.37,2.11
3.0553,0.27,1.85,2.7811,-0.37,2.11,6.0,-0.37,2.11,9.0,-0.09,0.45
2.2033,0.71,0.35,2.2915,-0.09,0.45,9.0,-0.09,0.45,10.27,-0.25,0.15
0.51,-0.42,23.7,0.47,-0.11,5.8,-29.61,-0.11,5.8,-4.0,-0.18,6.99
0.32,-0.04,3.48,0.295,-0.18,6.99,-4.0,-0.18,6.99,-2.56,0.17,11.14
0.325,0.03,6.0,0.385,0.17,11.14,-2.56,0.17,11.14,2.04,-0.03,4.17
0.425,-0.1,8.0,0.375,-0.03,4.17,2.04,-0.03,4.17,4.11,-0.01,7.11
0.39,0.18,25.39,0.395,-0.01,7.11,4.11,-0.01,7.11,2.51,-0.06,2.39
0.4,-0.12,11.86,0.375,-0.06,2.39,2.51,-0.06,2.39,9.65,-0.1,3.33
7.9158,1.86,16.29,9.6366,1.33,13.06,21.69,1.33,13.06,45.48,2.69,19.4
10.8737,1.68,11.84,12.5833,2.69,19.4,45.48,2.69,19.4,29.68,2.98,36.06
14.7302,5.06,25.55,19.0836,2.98,36.06,29.68,2.98,36.06,58.55,-5.32,38.53
9.5993,-14.37,27.92,11.3992,9.41,35.48,-8.39,9.41,35.48,-0.25,-5.8,9.31
13.2991,-4.73,16.2,10.2993,-5.8,9.31,-0.25,-5.8,9.31,-1.59,-1.1,14.34
6.5995,-2.9,11.36,6.1996,-1.1,14.34,-1.59,-1.1,14.34,-13.07,-1.9,13.28
3.8997,-2.5,7.3,2.4998,-1.9,13.28,-13.07,-1.9,13.28,-12.81,-0.66,64.87
1.0199,0.14,29.56,1.4499,-0.66,64.87,-12.81,-0.66,64.87,-0.96,-0.38,4.33
1.1799,-0.48,5.28,0.8099,-0.38,4.33,-0.96,-0.38,4.33,-14.44,-0.16,1.54
0.248,0.05,96.43,0.395,-0.19,36.29,-37.0,-0.19,36.29,-5.0,0.03,12.72
0.35,-0.26,8.98,0.31,0.03,12.72,-5.0,0.03,12.72,-20.0,0.16,22.73
0.39,0.08,12.0,0.3,0.16,22.73,-20.0,0.16,22.73,-6.0,-0.14,12.52
0.48,-0.12,22.27,0.246,-0.14,12.52,-6.0,-0.14,12.52,-20.0,-0.01,6.71
0.28,-0.09,8.92,0.24,-0.01,6.71,-20.0,-0.01,6.71,-4.0,-0.06,3.1
0.255,0.0,5.58,0.145,-0.06,3.1,-4.0,-0.06,3.1,-18.26,0.03,4.19
0.48,-0.22,3.27,0.47,-0.02,0.78,-11.6,-0.02,0.78,-6.7,-0.02,7.28
0.4,0.15,3.85,0.56,-0.02,7.28,-6.7,-0.02,7.28,-15.5,-0.17,11.68
0.61,0.32,55.38,0.75,-0.17,11.68,-15.5,-0.17,11.68,-7.0,-0.13,64.08
0.5,-0.16,40.63,0.46,-0.13,64.08,-7.0,-0.13,64.08,-10.1,0.02,18.92
0.221,-0.12,26.58,0.202,0.02,18.92,-10.1,0.02,18.92,-4.1,-0.05,3.38
0.183,0.02,9.32,0.122,-0.05,3.38,-4.1,-0.05,3.38,-7.3,-0.03,23.44
5.0906,-0.53,3.62,5.3046,0.04,3.33,111.0,0.04,3.33,30.0,0.19,2.97
4.8017,-0.39,3.04,4.9964,0.19,2.97,30.0,0.19,2.97,169.0,-0.16,1.92
5.213,0.52,3.88,5.5087,-0.16,1.92,169.0,-0.16,1.92,38.0,0.95,14.65
5.6661,2.22,7.5,7.8958,0.95,14.65,38.0,0.95,14.65,261.0,0.89,6.75
8.6354,2.9,12.64,11.0058,0.89,6.75,261.0,0.89,6.75,108.0,-1.02,4.75
11.8251,1.91,9.81,12.786,-1.02,4.75,108.0,-1.02,4.75,399.0,0.52,3.14
30.0282,3.93,23.81,32.0012,-0.74,25.17,100.0,-0.74,25.17,191.0,-0.59,29.79
31.4024,-0.34,28.67,29.2013,-0.59,29.79,191.0,-0.59,29.79,97.0,-7.6,15.71
31.109,5.36,13.68,29.5926,-7.6,15.71,97.0,-7.6,15.71,224.83,-5.25,10.72
0.8306,-0.12,0.49,0.9283,0.34,2.07,13.2,0.34,2.07,9.2,0.05,1.08
1.0815,-0.11,1.34,1.1265,0.05,1.08,9.2,0.05,1.08,17.9,0.07,3.14
1.1899,0.35,4.12,1.5376,0.07,3.14,17.9,0.07,3.14,9.7,-0.12,0.68
1.4079,-0.07,1.37,1.3416,-0.12,0.68,9.7,-0.12,0.68,19.06,0.02,0.96
1.3227,0.0,0.67,1.3027,0.02,0.96,19.06,0.02,0.96,8.9,0.01,0.92
1.1781,-0.27,1.18,1.0345,0.01,0.92,8.9,0.01,0.92,15.42,-0.15,0.1
